time,load_shortfall_3h
2018-01-01 00:00:00,12345.031
2018-01-01 03:00:00,7770.55
2018-01-01 06:00:00,7748.855
2018-01-01 09:00:00,8485.859
2018-01-01 12:00:00,9046.337
2018-01-01 15:00:00,10103.737
2018-01-01 18:00:00,8825.273
2018-01-01 21:00:00,10135.846
2018-01-02 00:00:00,12890.083
2018-01-02 03:00:00,7533.717
2018-01-02 06:00:00,8221.975
2018-01-02 09:00:00,8257.572
2018-01-02 12:00:00,8851.805
2018-01-02 15:00:00,10960.872
2018-01-02 18:00:00,9378.158
2018-01-02 21:00:00,8577.32
2018-01-03 00:00:00,12245.154
2018-01-03 03:00:00,7657.0024
2018-01-03 06:00:00,6389.805
2018-01-03 09:00:00,5532.7793
2018-01-03 12:00:00,7021.3174
2018-01-03 15:00:00,8808.944
2018-01-03 18:00:00,8948.134
2018-01-03 21:00:00,8625.327
2018-01-04 00:00:00,10909.319
2018-01-04 03:00:00,6865.007
2018-01-04 06:00:00,5701.2324
2018-01-04 09:00:00,5154.1846
2018-01-04 12:00:00,8018.847
2018-01-04 15:00:00,11357.799
2018-01-04 18:00:00,8030.308
2018-01-04 21:00:00,9675.415
2018-01-05 00:00:00,12579.023
2018-01-05 03:00:00,8198.765
2018-01-05 06:00:00,7197.5366
2018-01-05 09:00:00,8274.225
2018-01-05 12:00:00,7602.162
2018-01-05 15:00:00,6636.781
2018-01-05 18:00:00,9300.294
2018-01-05 21:00:00,10234.354
2018-01-06 00:00:00,11100.834
2018-01-06 03:00:00,7177.2656
2018-01-06 06:00:00,4218.769
2018-01-06 09:00:00,8598.975
2018-01-06 12:00:00,11021.073
2018-01-06 15:00:00,10084.316
2018-01-06 18:00:00,9993.854
2018-01-06 21:00:00,10938.897
2018-01-07 00:00:00,11102.927
2018-01-07 03:00:00,6887.7266
2018-01-07 06:00:00,5476.1436
2018-01-07 09:00:00,9238.208
2018-01-07 12:00:00,10560.83
2018-01-07 15:00:00,11292.909
2018-01-07 18:00:00,10664.778
2018-01-07 21:00:00,12415.231
2018-01-08 00:00:00,13741.746
2018-01-08 03:00:00,9349.409
2018-01-08 06:00:00,7200.1777
2018-01-08 09:00:00,10788.694
2018-01-08 12:00:00,13775.988
2018-01-08 15:00:00,13672.515
2018-01-08 18:00:00,13211.142
2018-01-08 21:00:00,13137.935
2018-01-09 00:00:00,15182.008
2018-01-09 03:00:00,8560.885
2018-01-09 06:00:00,6854.1855
2018-01-09 09:00:00,10978.95
2018-01-09 12:00:00,10606.569
2018-01-09 15:00:00,10706.399
2018-01-09 18:00:00,9939.734
2018-01-09 21:00:00,9782.201
2018-01-10 00:00:00,12493.87
2018-01-10 03:00:00,7247.3213
2018-01-10 06:00:00,6021.219
2018-01-10 09:00:00,8315.213
2018-01-10 12:00:00,9353.822
2018-01-10 15:00:00,9547.554
2018-01-10 18:00:00,9386.711
2018-01-10 21:00:00,11598.933
2018-01-11 00:00:00,11937.241
2018-01-11 03:00:00,8738.005
2018-01-11 06:00:00,7704.8643
2018-01-11 09:00:00,9688.226
2018-01-11 12:00:00,11174.693
2018-01-11 15:00:00,11168.064
2018-01-11 18:00:00,11196.145
2018-01-11 21:00:00,12145.651
2018-01-12 00:00:00,11986.962
2018-01-12 03:00:00,8944.931
2018-01-12 06:00:00,7433.338
2018-01-12 09:00:00,9387.685
2018-01-12 12:00:00,11559.087
2018-01-12 15:00:00,13467.723
2018-01-12 18:00:00,13026.216
2018-01-12 21:00:00,13930.444
2018-01-13 00:00:00,14163.942
2018-01-13 03:00:00,8494.279
2018-01-13 06:00:00,6385.854
2018-01-13 09:00:00,10571.859
2018-01-13 12:00:00,11736.691
2018-01-13 15:00:00,11869.996
2018-01-13 18:00:00,9191.233
2018-01-13 21:00:00,11712.174
2018-01-14 00:00:00,12816.987
2018-01-14 03:00:00,7678.1616
2018-01-14 06:00:00,7246.6313
2018-01-14 09:00:00,9354.302
2018-01-14 12:00:00,12153.168
2018-01-14 15:00:00,11460.282
2018-01-14 18:00:00,11973.092
2018-01-14 21:00:00,12517.547
2018-01-15 00:00:00,13795.699
2018-01-15 03:00:00,7976.9404
2018-01-15 06:00:00,7948.3564
2018-01-15 09:00:00,11850.303
2018-01-15 12:00:00,14429.507
2018-01-15 15:00:00,14318.283
2018-01-15 18:00:00,12614.773
2018-01-15 21:00:00,13986.166
2018-01-16 00:00:00,12387.823
2018-01-16 03:00:00,8033.63
2018-01-16 06:00:00,7355.126
2018-01-16 09:00:00,12155.357
2018-01-16 12:00:00,13490.68
2018-01-16 15:00:00,12802.757
2018-01-16 18:00:00,12642.268
2018-01-16 21:00:00,12776.978
2018-01-17 00:00:00,11918.739
2018-01-17 03:00:00,6763.345
2018-01-17 06:00:00,5934.722
2018-01-17 09:00:00,9705.975
2018-01-17 12:00:00,10903.125
2018-01-17 15:00:00,13117.254
2018-01-17 18:00:00,12049.863
2018-01-17 21:00:00,13801.128
2018-01-18 00:00:00,13447.746
2018-01-18 03:00:00,8379.072
2018-01-18 06:00:00,8103.0566
2018-01-18 09:00:00,12352.14
2018-01-18 12:00:00,13118.284
2018-01-18 15:00:00,14399.642
2018-01-18 18:00:00,13026.1045
2018-01-18 21:00:00,15288.665
2018-01-19 00:00:00,13712.37
2018-01-19 03:00:00,9197.466
2018-01-19 06:00:00,8024.0513
2018-01-19 09:00:00,11995.341
2018-01-19 12:00:00,13893.718
2018-01-19 15:00:00,11680.832
2018-01-19 18:00:00,11247.352
2018-01-19 21:00:00,13577.986
2018-01-20 00:00:00,14964.372
2018-01-20 03:00:00,8576.59
2018-01-20 06:00:00,8032.18
2018-01-20 09:00:00,10721.858
2018-01-20 12:00:00,12794.507
2018-01-20 15:00:00,12994.562
2018-01-20 18:00:00,12718.162
2018-01-20 21:00:00,13022.769
2018-01-21 00:00:00,13930.6
2018-01-21 03:00:00,6592.133
2018-01-21 06:00:00,5888.8877
2018-01-21 09:00:00,7932.353
2018-01-21 12:00:00,11181.123
2018-01-21 15:00:00,12269.674
2018-01-21 18:00:00,11636.194
2018-01-21 21:00:00,12422.534
2018-01-22 00:00:00,13576.856
2018-01-22 03:00:00,8225.511
2018-01-22 06:00:00,8133.444
2018-01-22 09:00:00,11412.697
2018-01-22 12:00:00,12779.724
2018-01-22 15:00:00,14353.355
2018-01-22 18:00:00,14218.674
2018-01-22 21:00:00,15350.882
2018-01-23 00:00:00,13401.254
2018-01-23 03:00:00,7989.393
2018-01-23 06:00:00,7843.923
2018-01-23 09:00:00,11660.593
2018-01-23 12:00:00,16260.737
2018-01-23 15:00:00,13380.597
2018-01-23 18:00:00,13448.419
2018-01-23 21:00:00,15634.2705
2018-01-24 00:00:00,13119.194
2018-01-24 03:00:00,10470.47
2018-01-24 06:00:00,7711.41
2018-01-24 09:00:00,13474.477
2018-01-24 12:00:00,13250.135
2018-01-24 15:00:00,14481.627
2018-01-24 18:00:00,13644.014
2018-01-24 21:00:00,14455.821
2018-01-25 00:00:00,13433.313
2018-01-25 03:00:00,8292.397
2018-01-25 06:00:00,7215.307
2018-01-25 09:00:00,11385.297
2018-01-25 12:00:00,13390.828
2018-01-25 15:00:00,13403.12
2018-01-25 18:00:00,11297.683
2018-01-25 21:00:00,13106.49
2018-01-26 00:00:00,13082.723
2018-01-26 03:00:00,6847.24
2018-01-26 06:00:00,6025.38
2018-01-26 09:00:00,11023.959
2018-01-26 12:00:00,13682.226
2018-01-26 15:00:00,12236.92
2018-01-26 18:00:00,11149.961
2018-01-26 21:00:00,13315.705
2018-01-27 00:00:00,12776.447
2018-01-27 03:00:00,8851.733
2018-01-27 06:00:00,6556.672
2018-01-27 09:00:00,10471.727
2018-01-27 12:00:00,11521.026
2018-01-27 15:00:00,12936.732
2018-01-27 18:00:00,11044.1875
2018-01-27 21:00:00,13525.076
2018-01-28 00:00:00,13099.032
2018-01-28 03:00:00,7845.3384
2018-01-28 06:00:00,5643.0063
2018-01-28 09:00:00,11479.127
2018-01-28 12:00:00,12038.924
2018-01-28 15:00:00,13014.436
2018-01-28 18:00:00,12975.396
2018-01-28 21:00:00,13921.86
2018-01-29 00:00:00,14611.518
2018-01-29 03:00:00,7935.8965
2018-01-29 06:00:00,7160.195
2018-01-29 09:00:00,10975.713
2018-01-29 12:00:00,13225.319
2018-01-29 15:00:00,13582.416
2018-01-29 18:00:00,12290.428
2018-01-29 21:00:00,14334.03
2018-01-30 00:00:00,12821.461
2018-01-30 03:00:00,8792.097
2018-01-30 06:00:00,8346.038
2018-01-30 09:00:00,12697.802
2018-01-30 12:00:00,14686.198
2018-01-30 15:00:00,13852.517
2018-01-30 18:00:00,13232.361
2018-01-30 21:00:00,14842.546
2018-01-31 00:00:00,13088.208
2018-01-31 03:00:00,9238.291
2018-01-31 06:00:00,7536.8037
2018-01-31 09:00:00,12636.518
2018-01-31 12:00:00,14080.649
2018-01-31 15:00:00,15264.981
2018-01-31 18:00:00,13568.489
2018-01-31 21:00:00,15229.865
2018-02-01 00:00:00,14282.888
2018-02-01 03:00:00,9957.118
2018-02-01 06:00:00,7266.627
2018-02-01 09:00:00,11715.39
2018-02-01 12:00:00,13275.342
2018-02-01 15:00:00,12530.61
2018-02-01 18:00:00,12419.751
2018-02-01 21:00:00,14652.779
2018-02-02 00:00:00,12867.02
2018-02-02 03:00:00,8051.149
2018-02-02 06:00:00,7986.319
2018-02-02 09:00:00,10471.108
2018-02-02 12:00:00,12139.076
2018-02-02 15:00:00,11523.325
2018-02-02 18:00:00,11038.232
2018-02-02 21:00:00,12017.74
2018-02-03 00:00:00,12775.162
2018-02-03 03:00:00,7887.595
2018-02-03 06:00:00,8015.3594
2018-02-03 09:00:00,9183.619
2018-02-03 12:00:00,12699.294
2018-02-03 15:00:00,11498.529
2018-02-03 18:00:00,11509.206
2018-02-03 21:00:00,13119.237
2018-02-04 00:00:00,11307.061
2018-02-04 03:00:00,8706.507
2018-02-04 06:00:00,6918.3115
2018-02-04 09:00:00,10866.276
2018-02-04 12:00:00,15242.971
2018-02-04 15:00:00,14474.583
2018-02-04 18:00:00,13981.374
2018-02-04 21:00:00,14319.143
2018-02-05 00:00:00,13479.242
2018-02-05 03:00:00,9169.772
2018-02-05 06:00:00,7963.3604
2018-02-05 09:00:00,11328.369
2018-02-05 12:00:00,14150.57
2018-02-05 15:00:00,13222.508
2018-02-05 18:00:00,12698.141
2018-02-05 21:00:00,14790.613
2018-02-06 00:00:00,12616.187
2018-02-06 03:00:00,9467.089
2018-02-06 06:00:00,8385.205
2018-02-06 09:00:00,10974.997
2018-02-06 12:00:00,15262.347
2018-02-06 15:00:00,13272.717
2018-02-06 18:00:00,12531.123
2018-02-06 21:00:00,15596.642
2018-02-07 00:00:00,12661.567
2018-02-07 03:00:00,9332.878
2018-02-07 06:00:00,8996.89
2018-02-07 09:00:00,10428.137
2018-02-07 12:00:00,13903.923
2018-02-07 15:00:00,11849.936
2018-02-07 18:00:00,10424.966
2018-02-07 21:00:00,15437.909
2018-02-08 00:00:00,12769.007
2018-02-08 03:00:00,8958.972
2018-02-08 06:00:00,8187.453
2018-02-08 09:00:00,9335.302
2018-02-08 12:00:00,13651.709
2018-02-08 15:00:00,13585.825
2018-02-08 18:00:00,12153.297
2018-02-08 21:00:00,14496.62
2018-02-09 00:00:00,13988.356
2018-02-09 03:00:00,8496.92
2018-02-09 06:00:00,9189.967
2018-02-09 09:00:00,11613.432
2018-02-09 12:00:00,14427.043
2018-02-09 15:00:00,13817.008
2018-02-09 18:00:00,13035.321
2018-02-09 21:00:00,15522.794
2018-02-10 00:00:00,12245.234
2018-02-10 03:00:00,8561.315
2018-02-10 06:00:00,7949.471
2018-02-10 09:00:00,9942.543
2018-02-10 12:00:00,14093.286
2018-02-10 15:00:00,13801.774
2018-02-10 18:00:00,13229.94
2018-02-10 21:00:00,14399.482
2018-02-11 00:00:00,13091.699
2018-02-11 03:00:00,8506.672
2018-02-11 06:00:00,7950.468
2018-02-11 09:00:00,10474.237
2018-02-11 12:00:00,12804.719
2018-02-11 15:00:00,10609.431
2018-02-11 18:00:00,9340.694
2018-02-11 21:00:00,12156.584
2018-02-12 00:00:00,11766.059
2018-02-12 03:00:00,6716.6943
2018-02-12 06:00:00,6165.2563
2018-02-12 09:00:00,12023.597
2018-02-12 12:00:00,13379.118
2018-02-12 15:00:00,12921.518
2018-02-12 18:00:00,13196.096
2018-02-12 21:00:00,14602.076
2018-02-13 00:00:00,12900.572
2018-02-13 03:00:00,7763.749
2018-02-13 06:00:00,7837.4165
2018-02-13 09:00:00,9875.956
2018-02-13 12:00:00,13458.38
2018-02-13 15:00:00,11259.313
2018-02-13 18:00:00,10621.803
2018-02-13 21:00:00,12425.621
2018-02-14 00:00:00,12800.207
2018-02-14 03:00:00,8322.075
2018-02-14 06:00:00,7399.6553
2018-02-14 09:00:00,8765.949
2018-02-14 12:00:00,11985.359
2018-02-14 15:00:00,11524.05
2018-02-14 18:00:00,12113.3125
2018-02-14 21:00:00,14057.953
2018-02-15 00:00:00,14399.622
2018-02-15 03:00:00,6563.523
2018-02-15 06:00:00,4737.2593
2018-02-15 09:00:00,11292.671
2018-02-15 12:00:00,12793.661
2018-02-15 15:00:00,13256.826
2018-02-15 18:00:00,13373.309
2018-02-15 21:00:00,14678.186
2018-02-16 00:00:00,13158.393
2018-02-16 03:00:00,7817.7925
2018-02-16 06:00:00,6447.36
2018-02-16 09:00:00,13150.837
2018-02-16 12:00:00,15138.302
2018-02-16 15:00:00,14371.739
2018-02-16 18:00:00,13075.599
2018-02-16 21:00:00,13916.094
2018-02-17 00:00:00,12912.958
2018-02-17 03:00:00,7818.8564
2018-02-17 06:00:00,6709.2017
2018-02-17 09:00:00,9017.228
2018-02-17 12:00:00,11200.91
2018-02-17 15:00:00,12593.891
2018-02-17 18:00:00,12519.968
2018-02-17 21:00:00,16031.141
2018-02-18 00:00:00,13399.067
2018-02-18 03:00:00,9033.306
2018-02-18 06:00:00,9293.888
2018-02-18 09:00:00,10148.6455
2018-02-18 12:00:00,14890.294
2018-02-18 15:00:00,13823.854
2018-02-18 18:00:00,12443.361
2018-02-18 21:00:00,15202.184
2018-02-19 00:00:00,14243.548
2018-02-19 03:00:00,7736.998
2018-02-19 06:00:00,6694.7236
2018-02-19 09:00:00,10908.543
2018-02-19 12:00:00,12015.223
2018-02-19 15:00:00,12197.407
2018-02-19 18:00:00,12156.47
2018-02-19 21:00:00,11989.449
2018-02-20 00:00:00,11976.544
2018-02-20 03:00:00,8365.56
2018-02-20 06:00:00,3729.2754
2018-02-20 09:00:00,9950.767
2018-02-20 12:00:00,10375.152
2018-02-20 15:00:00,9116.124
2018-02-20 18:00:00,8814.25
2018-02-20 21:00:00,11216.057
2018-02-21 00:00:00,10441.336
2018-02-21 03:00:00,7968.1787
2018-02-21 06:00:00,4592.742
2018-02-21 09:00:00,9947.108
2018-02-21 12:00:00,11819.486
2018-02-21 15:00:00,11018.635
2018-02-21 18:00:00,12249.762
2018-02-21 21:00:00,13345.642
2018-02-22 00:00:00,11744.1045
2018-02-22 03:00:00,8982.652
2018-02-22 06:00:00,7522.169
2018-02-22 09:00:00,10493.844
2018-02-22 12:00:00,12409.435
2018-02-22 15:00:00,12719.103
2018-02-22 18:00:00,11223.372
2018-02-22 21:00:00,13407.618
2018-02-23 00:00:00,10372.222
2018-02-23 03:00:00,8865.65
2018-02-23 06:00:00,6069.4126
2018-02-23 09:00:00,10316.356
2018-02-23 12:00:00,12465.262
2018-02-23 15:00:00,11851.008
2018-02-23 18:00:00,11934.574
2018-02-23 21:00:00,12576.851
2018-02-24 00:00:00,12433.492
2018-02-24 03:00:00,9288.1
2018-02-24 06:00:00,7905.552
2018-02-24 09:00:00,10703.017
2018-02-24 12:00:00,14288.765
2018-02-24 15:00:00,12292.473
2018-02-24 18:00:00,12084.721
2018-02-24 21:00:00,14588.428
2018-02-25 00:00:00,14290.9795
2018-02-25 03:00:00,9222.54
2018-02-25 06:00:00,7551.657
2018-02-25 09:00:00,12943.464
2018-02-25 12:00:00,12294.101
2018-02-25 15:00:00,11665.748
2018-02-25 18:00:00,11451.93
2018-02-25 21:00:00,14394.13
2018-02-26 00:00:00,12005.616
2018-02-26 03:00:00,8973.803
2018-02-26 06:00:00,5988.8955
2018-02-26 09:00:00,10446.226
2018-02-26 12:00:00,13118.493
2018-02-26 15:00:00,12035.943
2018-02-26 18:00:00,10077.811
2018-02-26 21:00:00,11254.0625
2018-02-27 00:00:00,11393.82
2018-02-27 03:00:00,7748.4683
2018-02-27 06:00:00,5881.903
2018-02-27 09:00:00,10806.954
2018-02-27 12:00:00,12998.46
2018-02-27 15:00:00,10962.542
2018-02-27 18:00:00,12192.969
2018-02-27 21:00:00,11553.55
2018-02-28 00:00:00,10848.466
2018-02-28 03:00:00,7594.2563
2018-02-28 06:00:00,6293.8237
2018-02-28 09:00:00,10788.466
2018-02-28 12:00:00,10489.377
2018-02-28 15:00:00,9852.646
2018-02-28 18:00:00,8931.082
2018-02-28 21:00:00,9245.456
2018-03-01 00:00:00,10126.286
2018-03-01 03:00:00,5697.1567
2018-03-01 06:00:00,4602.5
2018-03-01 09:00:00,7495.006
2018-03-01 12:00:00,9588.401
2018-03-01 15:00:00,8294.552
2018-03-01 18:00:00,8172.3306
2018-03-01 21:00:00,6748.4453
2018-03-02 00:00:00,7160.211
2018-03-02 03:00:00,3591.711
2018-03-02 06:00:00,4715.246
2018-03-02 09:00:00,8150.9414
2018-03-02 12:00:00,9807.251
2018-03-02 15:00:00,9936.869
2018-03-02 18:00:00,10074.557
2018-03-02 21:00:00,11105.837
2018-03-03 00:00:00,9551.72
2018-03-03 03:00:00,6384.6934
2018-03-03 06:00:00,3922.1538
2018-03-03 09:00:00,6006.448
2018-03-03 12:00:00,6867.664
2018-03-03 15:00:00,5957.183
2018-03-03 18:00:00,7993.198
2018-03-03 21:00:00,9048.557
2018-03-04 00:00:00,9312.986
2018-03-04 03:00:00,5132.183
2018-03-04 06:00:00,5030.1816
2018-03-04 09:00:00,8072.834
2018-03-04 12:00:00,8233.073
2018-03-04 15:00:00,8015.8633
2018-03-04 18:00:00,8258.569
2018-03-04 21:00:00,9141.341
2018-03-05 00:00:00,11019.258
2018-03-05 03:00:00,4986.925
2018-03-05 06:00:00,4658.6255
2018-03-05 09:00:00,9344.212
2018-03-05 12:00:00,9471.56
2018-03-05 15:00:00,8359.279
2018-03-05 18:00:00,8225.771
2018-03-05 21:00:00,10852.124
2018-03-06 00:00:00,11262.131
2018-03-06 03:00:00,7348.208
2018-03-06 06:00:00,4801.2793
2018-03-06 09:00:00,7993.3257
2018-03-06 12:00:00,7771.584
2018-03-06 15:00:00,6421.74
2018-03-06 18:00:00,6805.6533
2018-03-06 21:00:00,10832.319
2018-03-07 00:00:00,9983.584
2018-03-07 03:00:00,6710.752
2018-03-07 06:00:00,6650.331
2018-03-07 09:00:00,11439.285
2018-03-07 12:00:00,11574.322
2018-03-07 15:00:00,11868.007
2018-03-07 18:00:00,9190.792
2018-03-07 21:00:00,12677.988
2018-03-08 00:00:00,12493.968
2018-03-08 03:00:00,7446.245
2018-03-08 06:00:00,6732.0005
2018-03-08 09:00:00,9837.169
2018-03-08 12:00:00,12983.068
2018-03-08 15:00:00,11869.894
2018-03-08 18:00:00,12689.56
2018-03-08 21:00:00,14064.73
2018-03-09 00:00:00,13222.261
2018-03-09 03:00:00,7410.752
2018-03-09 06:00:00,7955.5034
2018-03-09 09:00:00,10753.245
2018-03-09 12:00:00,9737.844
2018-03-09 15:00:00,9427.499
2018-03-09 18:00:00,11193.542
2018-03-09 21:00:00,9262.573
2018-03-10 00:00:00,9771.136
2018-03-10 03:00:00,6490.157
2018-03-10 06:00:00,4618.6533
2018-03-10 09:00:00,10489.477
2018-03-10 12:00:00,10419.875
2018-03-10 15:00:00,9703.863
2018-03-10 18:00:00,10770.775
2018-03-10 21:00:00,9286.936
2018-03-11 00:00:00,10620.499
2018-03-11 03:00:00,5124.4976
2018-03-11 06:00:00,4843.1445
2018-03-11 09:00:00,7458.5396
2018-03-11 12:00:00,8020.318
2018-03-11 15:00:00,6901.347
2018-03-11 18:00:00,7209.48
2018-03-11 21:00:00,8720.29
2018-03-12 00:00:00,8135.0
2018-03-12 03:00:00,4833.047
2018-03-12 06:00:00,3390.042
2018-03-12 09:00:00,10007.279
2018-03-12 12:00:00,7924.6753
2018-03-12 15:00:00,8063.007
2018-03-12 18:00:00,5112.403
2018-03-12 21:00:00,9018.548
2018-03-13 00:00:00,10246.337
2018-03-13 03:00:00,6784.26
2018-03-13 06:00:00,7058.0747
2018-03-13 09:00:00,8588.967
2018-03-13 12:00:00,8487.919
2018-03-13 15:00:00,8180.362
2018-03-13 18:00:00,9040.812
2018-03-13 21:00:00,11142.141
2018-03-14 00:00:00,12065.475
2018-03-14 03:00:00,6652.647
2018-03-14 06:00:00,6660.1313
2018-03-14 09:00:00,8219.981
2018-03-14 12:00:00,8064.7285
2018-03-14 15:00:00,6877.1406
2018-03-14 18:00:00,8013.127
2018-03-14 21:00:00,9022.571
2018-03-15 00:00:00,8835.512
2018-03-15 03:00:00,3520.0732
2018-03-15 06:00:00,2151.7783
2018-03-15 09:00:00,5218.7905
2018-03-15 12:00:00,5587.1953
2018-03-15 15:00:00,4939.9014
2018-03-15 18:00:00,4848.983
2018-03-15 21:00:00,6798.8867
2018-03-16 00:00:00,9651.292
2018-03-16 03:00:00,7800.908
2018-03-16 06:00:00,7094.827
2018-03-16 09:00:00,8199.829
2018-03-16 12:00:00,8536.8
2018-03-16 15:00:00,6346.825
2018-03-16 18:00:00,4677.0605
2018-03-16 21:00:00,9491.803
2018-03-17 00:00:00,10725.682
2018-03-17 03:00:00,6847.995
2018-03-17 06:00:00,5897.5894
2018-03-17 09:00:00,6608.925
2018-03-17 12:00:00,5421.456
2018-03-17 15:00:00,5554.0884
2018-03-17 18:00:00,2981.2014
2018-03-17 21:00:00,5132.7217
2018-03-18 00:00:00,8920.576
2018-03-18 03:00:00,4249.1724
2018-03-18 06:00:00,5291.0996
2018-03-18 09:00:00,6220.203
2018-03-18 12:00:00,6273.6094
2018-03-18 15:00:00,6009.0874
2018-03-18 18:00:00,6195.491
2018-03-18 21:00:00,8762.422
2018-03-19 00:00:00,9967.733
2018-03-19 03:00:00,7380.647
2018-03-19 06:00:00,6798.553
2018-03-19 09:00:00,10077.853
2018-03-19 12:00:00,5062.928
2018-03-19 15:00:00,5585.36
2018-03-19 18:00:00,7088.3906
2018-03-19 21:00:00,7958.037
2018-03-20 00:00:00,9465.271
2018-03-20 03:00:00,6778.9404
2018-03-20 06:00:00,3876.3938
2018-03-20 09:00:00,6440.8486
2018-03-20 12:00:00,9224.8545
2018-03-20 15:00:00,8295.533
2018-03-20 18:00:00,7730.1846
2018-03-20 21:00:00,8616.527
2018-03-21 00:00:00,10744.689
2018-03-21 03:00:00,8320.471
2018-03-21 06:00:00,4796.7153
2018-03-21 09:00:00,7915.262
2018-03-21 12:00:00,8991.8
2018-03-21 15:00:00,8648.1045
2018-03-21 18:00:00,8580.439
2018-03-21 21:00:00,8971.41
2018-03-22 00:00:00,10816.095
2018-03-22 03:00:00,7249.411
2018-03-22 06:00:00,5992.082
2018-03-22 09:00:00,8623.484
2018-03-22 12:00:00,9968.105
2018-03-22 15:00:00,9791.45
2018-03-22 18:00:00,9504.3
2018-03-22 21:00:00,11077.862
2018-03-23 00:00:00,12381.633
2018-03-23 03:00:00,8766.149
2018-03-23 06:00:00,7073.973
2018-03-23 09:00:00,10225.738
2018-03-23 12:00:00,9256.1875
2018-03-23 15:00:00,6300.241
2018-03-23 18:00:00,7841.967
2018-03-23 21:00:00,6196.85
2018-03-24 00:00:00,8755.613
2018-03-24 03:00:00,4471.689
2018-03-24 06:00:00,2858.1658
2018-03-24 09:00:00,4371.3003
2018-03-24 12:00:00,3735.4531
2018-03-24 15:00:00,4530.978
2018-03-24 18:00:00,2725.7979
2018-03-24 21:00:00,3363.8867
2018-03-25 00:00:00,8035.8843
2018-03-25 03:00:00,5240.1973
2018-03-25 06:00:00,4813.1924
2018-03-25 09:00:00,8691.005
2018-03-25 12:00:00,10211.593
2018-03-25 15:00:00,10586.351
2018-03-25 18:00:00,10105.224
2018-03-25 21:00:00,9539.493
2018-03-26 00:00:00,10761.728
2018-03-26 03:00:00,6448.975
2018-03-26 06:00:00,4723.276
2018-03-26 09:00:00,10397.376
2018-03-26 12:00:00,9824.795
2018-03-26 15:00:00,9494.865
2018-03-26 18:00:00,7660.989
2018-03-26 21:00:00,10626.383
2018-03-27 00:00:00,11821.346
2018-03-27 03:00:00,8191.1123
2018-03-27 06:00:00,4014.4639
2018-03-27 09:00:00,11131.371
2018-03-27 12:00:00,12355.025
2018-03-27 15:00:00,10219.736
2018-03-27 18:00:00,8111.468
2018-03-27 21:00:00,11510.487
2018-03-28 00:00:00,12325.143
2018-03-28 03:00:00,7514.1733
2018-03-28 06:00:00,6647.651
2018-03-28 09:00:00,10980.73
2018-03-28 12:00:00,10934.112
2018-03-28 15:00:00,10120.252
2018-03-28 18:00:00,7410.857
2018-03-28 21:00:00,8265.574
2018-03-29 00:00:00,10518.827
2018-03-29 03:00:00,6843.0366
2018-03-29 06:00:00,4814.8574
2018-03-29 09:00:00,9636.354
2018-03-29 12:00:00,8810.58
2018-03-29 15:00:00,8967.566
2018-03-29 18:00:00,6656.779
2018-03-29 21:00:00,8554.6875
2018-03-30 00:00:00,8800.459
2018-03-30 03:00:00,4408.4355
2018-03-30 06:00:00,5427.3203
2018-03-30 09:00:00,8432.407
2018-03-30 12:00:00,7131.3086
2018-03-30 15:00:00,5891.4062
2018-03-30 18:00:00,5041.0635
2018-03-30 21:00:00,7193.84
2018-03-31 00:00:00,8054.562
2018-03-31 03:00:00,5407.1035
2018-03-31 06:00:00,3382.4805
2018-03-31 09:00:00,5305.465
2018-03-31 12:00:00,7190.885
2018-03-31 15:00:00,6822.761
2018-03-31 18:00:00,6634.959
2018-03-31 21:00:00,8927.961
2018-04-01 00:00:00,11178.843
2018-04-01 03:00:00,9570.633
2018-04-01 06:00:00,8616.762
2018-04-01 09:00:00,12479.721
2018-04-01 12:00:00,10877.288
2018-04-01 15:00:00,10551.529
2018-04-01 18:00:00,9120.341
2018-04-01 21:00:00,9056.294
2018-04-02 00:00:00,10446.891
2018-04-02 03:00:00,7125.33
2018-04-02 06:00:00,6848.318
2018-04-02 09:00:00,11185.977
2018-04-02 12:00:00,11869.479
2018-04-02 15:00:00,11381.256
2018-04-02 18:00:00,9725.269
2018-04-02 21:00:00,9080.881
2018-04-03 00:00:00,10260.096
2018-04-03 03:00:00,5984.02
2018-04-03 06:00:00,6341.315
2018-04-03 09:00:00,7931.7417
2018-04-03 12:00:00,9554.835
2018-04-03 15:00:00,8397.1455
2018-04-03 18:00:00,6501.0493
2018-04-03 21:00:00,9953.909
2018-04-04 00:00:00,8632.541
2018-04-04 03:00:00,3528.3635
2018-04-04 06:00:00,2838.095
2018-04-04 09:00:00,7930.8975
2018-04-04 12:00:00,7879.2383
2018-04-04 15:00:00,8631.019
2018-04-04 18:00:00,7144.9385
2018-04-04 21:00:00,7891.972
2018-04-05 00:00:00,11848.507
2018-04-05 03:00:00,8960.988
2018-04-05 06:00:00,5538.5674
2018-04-05 09:00:00,11656.321
2018-04-05 12:00:00,11916.69
2018-04-05 15:00:00,11832.552
2018-04-05 18:00:00,10114.884
2018-04-05 21:00:00,7734.946
2018-04-06 00:00:00,11700.544
2018-04-06 03:00:00,6416.453
2018-04-06 06:00:00,5905.486
2018-04-06 09:00:00,9104.331
2018-04-06 12:00:00,10127.328
2018-04-06 15:00:00,9198.726
2018-04-06 18:00:00,9231.243
2018-04-06 21:00:00,10099.795
2018-04-07 00:00:00,9633.022
2018-04-07 03:00:00,5222.1187
2018-04-07 06:00:00,4308.782
2018-04-07 09:00:00,8884.007
2018-04-07 12:00:00,10474.984
2018-04-07 15:00:00,7578.631
2018-04-07 18:00:00,9167.367
2018-04-07 21:00:00,9945.508
2018-04-08 00:00:00,11581.881
2018-04-08 03:00:00,7179.263
2018-04-08 06:00:00,5410.3174
2018-04-08 09:00:00,9806.859
2018-04-08 12:00:00,9256.746
2018-04-08 15:00:00,8007.7837
2018-04-08 18:00:00,5410.8633
2018-04-08 21:00:00,7651.6753
2018-04-09 00:00:00,9633.312
2018-04-09 03:00:00,6993.1753
2018-04-09 06:00:00,6161.0415
2018-04-09 09:00:00,9758.6045
2018-04-09 12:00:00,8601.041
2018-04-09 15:00:00,8403.471
2018-04-09 18:00:00,5827.6353
2018-04-09 21:00:00,7381.523
2018-04-10 00:00:00,9332.38
2018-04-10 03:00:00,8147.619
2018-04-10 06:00:00,4918.41
2018-04-10 09:00:00,8205.073
2018-04-10 12:00:00,7372.5815
2018-04-10 15:00:00,6873.1196
2018-04-10 18:00:00,5430.375
2018-04-10 21:00:00,6376.0835
2018-04-11 00:00:00,10294.647
2018-04-11 03:00:00,4855.614
2018-04-11 06:00:00,3163.4749
2018-04-11 09:00:00,4750.742
2018-04-11 12:00:00,4723.0737
2018-04-11 15:00:00,4253.2256
2018-04-11 18:00:00,4237.083
2018-04-11 21:00:00,3531.949
2018-04-12 00:00:00,7726.025
2018-04-12 03:00:00,2730.384
2018-04-12 06:00:00,3137.596
2018-04-12 09:00:00,7040.97
2018-04-12 12:00:00,8609.195
2018-04-12 15:00:00,7071.2725
2018-04-12 18:00:00,5271.101
2018-04-12 21:00:00,10402.562
2018-04-13 00:00:00,11098.893
2018-04-13 03:00:00,6395.202
2018-04-13 06:00:00,5702.8184
2018-04-13 09:00:00,9987.475
2018-04-13 12:00:00,9288.413
2018-04-13 15:00:00,9807.317
2018-04-13 18:00:00,8286.924
2018-04-13 21:00:00,10579.95
2018-04-14 00:00:00,11816.78
2018-04-14 03:00:00,8302.1455
2018-04-14 06:00:00,7151.4287
2018-04-14 09:00:00,10143.645
2018-04-14 12:00:00,11716.685
2018-04-14 15:00:00,10063.773
2018-04-14 18:00:00,7842.365
2018-04-14 21:00:00,11250.052
2018-04-15 00:00:00,13001.531
2018-04-15 03:00:00,7565.995
2018-04-15 06:00:00,5793.3027
2018-04-15 09:00:00,9935.65
2018-04-15 12:00:00,10265.954
2018-04-15 15:00:00,6224.1763
2018-04-15 18:00:00,5174.285
2018-04-15 21:00:00,7750.911
2018-04-16 00:00:00,11198.334
2018-04-16 03:00:00,6179.627
2018-04-16 06:00:00,4710.6494
2018-04-16 09:00:00,7782.2173
2018-04-16 12:00:00,9934.149
2018-04-16 15:00:00,9371.57
2018-04-16 18:00:00,9922.525
2018-04-16 21:00:00,9656.087
2018-04-17 00:00:00,13575.756
2018-04-17 03:00:00,8132.161
2018-04-17 06:00:00,9207.314
2018-04-17 09:00:00,11772.048
2018-04-17 12:00:00,11535.823
2018-04-17 15:00:00,12309.991
2018-04-17 18:00:00,11425.835
2018-04-17 21:00:00,11680.602
2018-04-18 00:00:00,12937.434
2018-04-18 03:00:00,8651.282
2018-04-18 06:00:00,9327.877
2018-04-18 09:00:00,11406.532
2018-04-18 12:00:00,12650.968
2018-04-18 15:00:00,11334.377
2018-04-18 18:00:00,10354.037
2018-04-18 21:00:00,11242.489
2018-04-19 00:00:00,11416.155
2018-04-19 03:00:00,10403.515
2018-04-19 06:00:00,8366.3
2018-04-19 09:00:00,11698.566
2018-04-19 12:00:00,10787.96
2018-04-19 15:00:00,10432.202
2018-04-19 18:00:00,10311.245
2018-04-19 21:00:00,10431.761
2018-04-20 00:00:00,11839.536
2018-04-20 03:00:00,8714.3125
2018-04-20 06:00:00,7733.3555
2018-04-20 09:00:00,9865.478
2018-04-20 12:00:00,10440.59
2018-04-20 15:00:00,9508.489
2018-04-20 18:00:00,7533.6245
2018-04-20 21:00:00,10166.639
2018-04-21 00:00:00,11504.976
2018-04-21 03:00:00,5957.84
2018-04-21 06:00:00,6298.582
2018-04-21 09:00:00,9273.069
2018-04-21 12:00:00,11716.277
2018-04-21 15:00:00,10347.111
2018-04-21 18:00:00,8975.419
2018-04-21 21:00:00,9817.812
2018-04-22 00:00:00,11877.237
2018-04-22 03:00:00,6713.7856
2018-04-22 06:00:00,6561.121
2018-04-22 09:00:00,10343.952
2018-04-22 12:00:00,10798.761
2018-04-22 15:00:00,10363.883
2018-04-22 18:00:00,10697.033
2018-04-22 21:00:00,10085.817
2018-04-23 00:00:00,11311.284
2018-04-23 03:00:00,6332.582
2018-04-23 06:00:00,6336.2236
2018-04-23 09:00:00,9858.0205
2018-04-23 12:00:00,12931.982
2018-04-23 15:00:00,12397.772
2018-04-23 18:00:00,10778.104
2018-04-23 21:00:00,7289.885
2018-04-24 00:00:00,10351.117
2018-04-24 03:00:00,9266.948
2018-04-24 06:00:00,6223.746
2018-04-24 09:00:00,11409.597
2018-04-24 12:00:00,12526.984
2018-04-24 15:00:00,11837.1
2018-04-24 18:00:00,9885.644
2018-04-24 21:00:00,6600.28
2018-04-25 00:00:00,10874.818
2018-04-25 03:00:00,9584.42
2018-04-25 06:00:00,6607.4624
2018-04-25 09:00:00,11427.607
2018-04-25 12:00:00,11112.87
2018-04-25 15:00:00,10596.563
2018-04-25 18:00:00,7972.8857
2018-04-25 21:00:00,9817.498
2018-04-26 00:00:00,11777.032
2018-04-26 03:00:00,6398.0317
2018-04-26 06:00:00,5564.0083
2018-04-26 09:00:00,10008.529
2018-04-26 12:00:00,8489.863
2018-04-26 15:00:00,9731.609
2018-04-26 18:00:00,9401.26
2018-04-26 21:00:00,9083.629
2018-04-27 00:00:00,11178.435
2018-04-27 03:00:00,8490.772
2018-04-27 06:00:00,8162.324
2018-04-27 09:00:00,10839.23
2018-04-27 12:00:00,8774.277
2018-04-27 15:00:00,11130.799
2018-04-27 18:00:00,8020.343
2018-04-27 21:00:00,8527.003
2018-04-28 00:00:00,10818.3955
2018-04-28 03:00:00,7162.311
2018-04-28 06:00:00,5427.6714
2018-04-28 09:00:00,9343.588
2018-04-28 12:00:00,9403.207
2018-04-28 15:00:00,9954.745
2018-04-28 18:00:00,9162.661
2018-04-28 21:00:00,9590.658
2018-04-29 00:00:00,10414.611
2018-04-29 03:00:00,5494.142
2018-04-29 06:00:00,3093.2192
2018-04-29 09:00:00,6883.125
2018-04-29 12:00:00,6981.103
2018-04-29 15:00:00,6230.447
2018-04-29 18:00:00,5351.454
2018-04-29 21:00:00,7407.726
2018-04-30 00:00:00,10145.662
2018-04-30 03:00:00,6257.495
2018-04-30 06:00:00,4953.282
2018-04-30 09:00:00,8578.369
2018-04-30 12:00:00,8515.008
2018-04-30 15:00:00,8284.058
2018-04-30 18:00:00,8034.327
2018-04-30 21:00:00,7902.609
2018-05-01 00:00:00,10223.195
2018-05-01 03:00:00,6820.807
2018-05-01 06:00:00,5733.227
2018-05-01 09:00:00,10648.02
2018-05-01 12:00:00,10613.554
2018-05-01 15:00:00,9648.737
2018-05-01 18:00:00,10328.159
2018-05-01 21:00:00,10008.669
2018-05-02 00:00:00,12901.735
2018-05-02 03:00:00,8045.1343
2018-05-02 06:00:00,7933.1475
2018-05-02 09:00:00,8564.915
2018-05-02 12:00:00,9383.299
2018-05-02 15:00:00,9905.766
2018-05-02 18:00:00,7469.1045
2018-05-02 21:00:00,5384.7466
2018-05-03 00:00:00,9915.929
2018-05-03 03:00:00,4600.03
2018-05-03 06:00:00,1824.0654
2018-05-03 09:00:00,5833.592
2018-05-03 12:00:00,6441.241
2018-05-03 15:00:00,5022.5664
2018-05-03 18:00:00,9398.905
2018-05-03 21:00:00,9657.852
2018-05-04 00:00:00,11938.683
2018-05-04 03:00:00,4859.6167
2018-05-04 06:00:00,5052.3125
2018-05-04 09:00:00,9042.635
2018-05-04 12:00:00,9001.478
2018-05-04 15:00:00,9860.656
2018-05-04 18:00:00,8992.608
2018-05-04 21:00:00,9994.366
2018-05-05 00:00:00,10833.515
2018-05-05 03:00:00,7810.513
2018-05-05 06:00:00,7232.376
2018-05-05 09:00:00,11734.156
2018-05-05 12:00:00,10465.998
2018-05-05 15:00:00,11440.632
2018-05-05 18:00:00,9118.333
2018-05-05 21:00:00,8499.62
2018-05-06 00:00:00,9422.735
2018-05-06 03:00:00,6682.4116
2018-05-06 06:00:00,6742.94
2018-05-06 09:00:00,11277.641
2018-05-06 12:00:00,11530.035
2018-05-06 15:00:00,11358.389
2018-05-06 18:00:00,8961.835
2018-05-06 21:00:00,9065.834
2018-05-07 00:00:00,13544.838
2018-05-07 03:00:00,9808.771
2018-05-07 06:00:00,9568.07
2018-05-07 09:00:00,11042.59
2018-05-07 12:00:00,12527.539
2018-05-07 15:00:00,12249.786
2018-05-07 18:00:00,11889.174
2018-05-07 21:00:00,8352.7295
2018-05-08 00:00:00,13599.631
2018-05-08 03:00:00,10217.993
2018-05-08 06:00:00,8963.827
2018-05-08 09:00:00,12970.48
2018-05-08 12:00:00,14462.422
2018-05-08 15:00:00,14176.516
2018-05-08 18:00:00,11182.308
2018-05-08 21:00:00,12472.637
2018-05-09 00:00:00,15349.633
2018-05-09 03:00:00,10047.878
2018-05-09 06:00:00,9400.411
2018-05-09 09:00:00,12108.506
2018-05-09 12:00:00,15574.777
2018-05-09 15:00:00,13886.826
2018-05-09 18:00:00,10783.071
2018-05-09 21:00:00,8924.054
2018-05-10 00:00:00,14209.546
2018-05-10 03:00:00,10881.832
2018-05-10 06:00:00,9702.336
2018-05-10 09:00:00,11883.451
2018-05-10 12:00:00,11258.609
2018-05-10 15:00:00,11245.642
2018-05-10 18:00:00,9842.09
2018-05-10 21:00:00,10895.763
2018-05-11 00:00:00,13655.591
2018-05-11 03:00:00,9236.173
2018-05-11 06:00:00,9602.62
2018-05-11 09:00:00,11771.355
2018-05-11 12:00:00,9767.151
2018-05-11 15:00:00,12024.309
2018-05-11 18:00:00,12157.65
2018-05-11 21:00:00,8860.361
2018-05-12 00:00:00,11641.7705
2018-05-12 03:00:00,10442.03
2018-05-12 06:00:00,9822.33
2018-05-12 09:00:00,11724.497
2018-05-12 12:00:00,11183.819
2018-05-12 15:00:00,9761.003
2018-05-12 18:00:00,9446.403
2018-05-12 21:00:00,8601.39
2018-05-13 00:00:00,11322.522
2018-05-13 03:00:00,7779.922
2018-05-13 06:00:00,6697.969
2018-05-13 09:00:00,8279.799
2018-05-13 12:00:00,11377.052
2018-05-13 15:00:00,10402.196
2018-05-13 18:00:00,8643.675
2018-05-13 21:00:00,10913.221
2018-05-14 00:00:00,12208.535
2018-05-14 03:00:00,8726.162
2018-05-14 06:00:00,7592.167
2018-05-14 09:00:00,10469.687
2018-05-14 12:00:00,11461.006
2018-05-14 15:00:00,10232.333
2018-05-14 18:00:00,8977.209
2018-05-14 21:00:00,11044.839
2018-05-15 00:00:00,12772.115
2018-05-15 03:00:00,9852.039
2018-05-15 06:00:00,9634.805
2018-05-15 09:00:00,10043.651
2018-05-15 12:00:00,10925.984
2018-05-15 15:00:00,10403.756
2018-05-15 18:00:00,8431.183
2018-05-15 21:00:00,9735.192
2018-05-16 00:00:00,11469.244
2018-05-16 03:00:00,8447.421
2018-05-16 06:00:00,9071.758
2018-05-16 09:00:00,10926.958
2018-05-16 12:00:00,13265.119
2018-05-16 15:00:00,10929.536
2018-05-16 18:00:00,10870.674
2018-05-16 21:00:00,10265.823
2018-05-17 00:00:00,11466.109
2018-05-17 03:00:00,11204.21
2018-05-17 06:00:00,9499.427
2018-05-17 09:00:00,12304.459
2018-05-17 12:00:00,12511.527
2018-05-17 15:00:00,11784.778
2018-05-17 18:00:00,10598.875
2018-05-17 21:00:00,10317.349
2018-05-18 00:00:00,11990.507
2018-05-18 03:00:00,8948.878
2018-05-18 06:00:00,9690.039
2018-05-18 09:00:00,13598.371
2018-05-18 12:00:00,12858.527
2018-05-18 15:00:00,9085.217
2018-05-18 18:00:00,9327.706
2018-05-18 21:00:00,11101.707
2018-05-19 00:00:00,13353.515
2018-05-19 03:00:00,9520.696
2018-05-19 06:00:00,8952.448
2018-05-19 09:00:00,13594.213
2018-05-19 12:00:00,13754.624
2018-05-19 15:00:00,10321.906
2018-05-19 18:00:00,11628.245
2018-05-19 21:00:00,11201.302
2018-05-20 00:00:00,11171.659
2018-05-20 03:00:00,8273.038
2018-05-20 06:00:00,8961.886
2018-05-20 09:00:00,12599.527
2018-05-20 12:00:00,14023.685
2018-05-20 15:00:00,12680.73
2018-05-20 18:00:00,11855.468
2018-05-20 21:00:00,12210.355
2018-05-21 00:00:00,13541.461
2018-05-21 03:00:00,10571.061
2018-05-21 06:00:00,9988.929
2018-05-21 09:00:00,13045.379
2018-05-21 12:00:00,13163.447
2018-05-21 15:00:00,14588.793
2018-05-21 18:00:00,13182.769
2018-05-21 21:00:00,11159.022
2018-05-22 00:00:00,13053.617
2018-05-22 03:00:00,9954.911
2018-05-22 06:00:00,8800.825
2018-05-22 09:00:00,13286.367
2018-05-22 12:00:00,14390.919
2018-05-22 15:00:00,12998.966
2018-05-22 18:00:00,13410.432
2018-05-22 21:00:00,12988.779
2018-05-23 00:00:00,12878.164
2018-05-23 03:00:00,8864.471
2018-05-23 06:00:00,6229.8955
2018-05-23 09:00:00,13832.158
2018-05-23 12:00:00,14267.722
2018-05-23 15:00:00,13836.643
2018-05-23 18:00:00,10711.769
2018-05-23 21:00:00,12896.986
2018-05-24 00:00:00,12619.429
2018-05-24 03:00:00,8284.883
2018-05-24 06:00:00,9912.637
2018-05-24 09:00:00,13047.742
2018-05-24 12:00:00,13004.645
2018-05-24 15:00:00,12244.647
2018-05-24 18:00:00,12418.408
2018-05-24 21:00:00,12366.362
2018-05-25 00:00:00,13438.965
2018-05-25 03:00:00,9120.9795
2018-05-25 06:00:00,7059.022
2018-05-25 09:00:00,11656.8545
2018-05-25 12:00:00,12168.379
2018-05-25 15:00:00,13066.548
2018-05-25 18:00:00,11716.226
2018-05-25 21:00:00,11007.597
2018-05-26 00:00:00,12656.049
2018-05-26 03:00:00,7790.577
2018-05-26 06:00:00,7402.4795
2018-05-26 09:00:00,11415.171
2018-05-26 12:00:00,13006.146
2018-05-26 15:00:00,13708.994
2018-05-26 18:00:00,12420.332
2018-05-26 21:00:00,13232.6875
2018-05-27 00:00:00,13915.637
2018-05-27 03:00:00,7875.6475
2018-05-27 06:00:00,7187.5073
2018-05-27 09:00:00,13914.13
2018-05-27 12:00:00,13429.709
2018-05-27 15:00:00,14430.271
2018-05-27 18:00:00,12619.396
2018-05-27 21:00:00,11173.463
2018-05-28 00:00:00,12047.554
2018-05-28 03:00:00,7970.536
2018-05-28 06:00:00,7791.6914
2018-05-28 09:00:00,9774.776
2018-05-28 12:00:00,9738.356
2018-05-28 15:00:00,9130.649
2018-05-28 18:00:00,8552.395
2018-05-28 21:00:00,10892.73
2018-05-29 00:00:00,13047.369
2018-05-29 03:00:00,7204.656
2018-05-29 06:00:00,6769.429
2018-05-29 09:00:00,11446.202
2018-05-29 12:00:00,10486.79
2018-05-29 15:00:00,10734.43
2018-05-29 18:00:00,10362.143
2018-05-29 21:00:00,11597.423
2018-05-30 00:00:00,12457.022
2018-05-30 03:00:00,8610.79
2018-05-30 06:00:00,7932.3467
2018-05-30 09:00:00,12318.774
2018-05-30 12:00:00,12941.575
2018-05-30 15:00:00,11398.874
2018-05-30 18:00:00,9927.483
2018-05-30 21:00:00,11227.251
2018-05-31 00:00:00,13912.167
2018-05-31 03:00:00,10124.668
2018-05-31 06:00:00,9414.185
2018-05-31 09:00:00,9588.303
2018-05-31 12:00:00,13305.881
2018-05-31 15:00:00,12553.556
2018-05-31 18:00:00,11575.8955
2018-05-31 21:00:00,12934.855
2018-06-01 00:00:00,14263.7295
2018-06-01 03:00:00,9215.538
2018-06-01 06:00:00,7098.8843
2018-06-01 09:00:00,12835.9
2018-06-01 12:00:00,14777.539
2018-06-01 15:00:00,12259.778
2018-06-01 18:00:00,11505.764
2018-06-01 21:00:00,12928.424
2018-06-02 00:00:00,12202.849
2018-06-02 03:00:00,7130.225
2018-06-02 06:00:00,8720.038
2018-06-02 09:00:00,12266.88
2018-06-02 12:00:00,12095.568
2018-06-02 15:00:00,12161.96
2018-06-02 18:00:00,10786.859
2018-06-02 21:00:00,10897.251
2018-06-03 00:00:00,11697.757
2018-06-03 03:00:00,8647.174
2018-06-03 06:00:00,8168.123
2018-06-03 09:00:00,12896.1455
2018-06-03 12:00:00,12572.052
2018-06-03 15:00:00,13004.911
2018-06-03 18:00:00,9429.297
2018-06-03 21:00:00,11239.72
2018-06-04 00:00:00,10880.106
2018-06-04 03:00:00,9589.601
2018-06-04 06:00:00,8077.0757
2018-06-04 09:00:00,11743.659
2018-06-04 12:00:00,12128.738
2018-06-04 15:00:00,11236.492
2018-06-04 18:00:00,11018.002
2018-06-04 21:00:00,9893.333
2018-06-05 00:00:00,11627.63
2018-06-05 03:00:00,6860.1
2018-06-05 06:00:00,4210.919
2018-06-05 09:00:00,11398.587
2018-06-05 12:00:00,13460.684
2018-06-05 15:00:00,13097.661
2018-06-05 18:00:00,12114.917
2018-06-05 21:00:00,12590.841
2018-06-06 00:00:00,13721.861
2018-06-06 03:00:00,9764.535
2018-06-06 06:00:00,6285.876
2018-06-06 09:00:00,11559.619
2018-06-06 12:00:00,13332.334
2018-06-06 15:00:00,11799.507
2018-06-06 18:00:00,12506.795
2018-06-06 21:00:00,12616.67
2018-06-07 00:00:00,13044.053
2018-06-07 03:00:00,10400.46
2018-06-07 06:00:00,8352.162
2018-06-07 09:00:00,12738.62
2018-06-07 12:00:00,13661.754
2018-06-07 15:00:00,11839.066
2018-06-07 18:00:00,11032.912
2018-06-07 21:00:00,12489.318
2018-06-08 00:00:00,13060.464
2018-06-08 03:00:00,9065.469
2018-06-08 06:00:00,8611.045
2018-06-08 09:00:00,12473.2295
2018-06-08 12:00:00,10949.9
2018-06-08 15:00:00,12346.292
2018-06-08 18:00:00,12537.878
2018-06-08 21:00:00,12148.779
2018-06-09 00:00:00,13657.908
2018-06-09 03:00:00,9714.154
2018-06-09 06:00:00,8445.016
2018-06-09 09:00:00,13529.14
2018-06-09 12:00:00,13165.273
2018-06-09 15:00:00,13192.532
2018-06-09 18:00:00,11100.956
2018-06-09 21:00:00,11766.044
2018-06-10 00:00:00,12448.514
2018-06-10 03:00:00,10077.745
2018-06-10 06:00:00,8566.003
2018-06-10 09:00:00,12314.073
2018-06-10 12:00:00,14897.932
2018-06-10 15:00:00,13593.488
2018-06-10 18:00:00,12909.426
2018-06-10 21:00:00,12637.426
2018-06-11 00:00:00,12745.229
2018-06-11 03:00:00,9140.846
2018-06-11 06:00:00,7069.99
2018-06-11 09:00:00,10078.235
2018-06-11 12:00:00,12602.395
2018-06-11 15:00:00,14586.198
2018-06-11 18:00:00,13461.192
2018-06-11 21:00:00,14230.335
2018-06-12 00:00:00,12733.023
2018-06-12 03:00:00,9073.822
2018-06-12 06:00:00,8237.757
2018-06-12 09:00:00,11430.737
2018-06-12 12:00:00,13301.605
2018-06-12 15:00:00,13769.681
2018-06-12 18:00:00,12819.457
2018-06-12 21:00:00,13860.992
2018-06-13 00:00:00,13938.224
2018-06-13 03:00:00,7799.0825
2018-06-13 06:00:00,7186.9614
2018-06-13 09:00:00,10934.611
2018-06-13 12:00:00,13585.405
2018-06-13 15:00:00,15121.447
2018-06-13 18:00:00,14035.399
2018-06-13 21:00:00,12505.974
2018-06-14 00:00:00,13944.12
2018-06-14 03:00:00,9660.598
2018-06-14 06:00:00,7679.86
2018-06-14 09:00:00,11764.807
2018-06-14 12:00:00,14584.612
2018-06-14 15:00:00,14766.714
2018-06-14 18:00:00,13863.098
2018-06-14 21:00:00,13653.982
2018-06-15 00:00:00,14260.987
2018-06-15 03:00:00,10555.972
2018-06-15 06:00:00,7579.181
2018-06-15 09:00:00,13152.033
2018-06-15 12:00:00,14430.87
2018-06-15 15:00:00,14020.635
2018-06-15 18:00:00,13470.152
2018-06-15 21:00:00,14110.2705
2018-06-16 00:00:00,14497.13
2018-06-16 03:00:00,10390.179
2018-06-16 06:00:00,8589.961
2018-06-16 09:00:00,12572.936
2018-06-16 12:00:00,14622.287
2018-06-16 15:00:00,14358.274
2018-06-16 18:00:00,13187.856
2018-06-16 21:00:00,13466.573
2018-06-17 00:00:00,13730.377
2018-06-17 03:00:00,10248.282
2018-06-17 06:00:00,9165.63
2018-06-17 09:00:00,12290.769
2018-06-17 12:00:00,14598.353
2018-06-17 15:00:00,13872.743
2018-06-17 18:00:00,13850.186
2018-06-17 21:00:00,13584.49
2018-06-18 00:00:00,12459.14
2018-06-18 03:00:00,7146.0615
2018-06-18 06:00:00,7090.4204
2018-06-18 09:00:00,11140.98
2018-06-18 12:00:00,14208.766
2018-06-18 15:00:00,14176.818
2018-06-18 18:00:00,13614.0
2018-06-18 21:00:00,13728.803
2018-06-19 00:00:00,10786.483
2018-06-19 03:00:00,8296.027
2018-06-19 06:00:00,7913.815
2018-06-19 09:00:00,11011.947
2018-06-19 12:00:00,14580.066
2018-06-19 15:00:00,14582.511
2018-06-19 18:00:00,14504.713
2018-06-19 21:00:00,14338.866
2018-06-20 00:00:00,13652.455
2018-06-20 03:00:00,10882.724
2018-06-20 06:00:00,9057.407
2018-06-20 09:00:00,13976.6
2018-06-20 12:00:00,16388.865
2018-06-20 15:00:00,15397.44
2018-06-20 18:00:00,14808.178
2018-06-20 21:00:00,14444.033
2018-06-21 00:00:00,13514.374
2018-06-21 03:00:00,9990.807
2018-06-21 06:00:00,9521.891
2018-06-21 09:00:00,15287.109
2018-06-21 12:00:00,17230.488
2018-06-21 15:00:00,17674.81
2018-06-21 18:00:00,17015.885
2018-06-21 21:00:00,14931.729
2018-06-22 00:00:00,15734.384
2018-06-22 03:00:00,12395.716
2018-06-22 06:00:00,10800.194
2018-06-22 09:00:00,16739.832
2018-06-22 12:00:00,16881.656
2018-06-22 15:00:00,17220.305
2018-06-22 18:00:00,16093.056
2018-06-22 21:00:00,16595.416
2018-06-23 00:00:00,16157.456
2018-06-23 03:00:00,11197.969
2018-06-23 06:00:00,10261.462
2018-06-23 09:00:00,13748.235
2018-06-23 12:00:00,15354.53
2018-06-23 15:00:00,14564.223
2018-06-23 18:00:00,14042.525
2018-06-23 21:00:00,13720.863
2018-06-24 00:00:00,15345.61
2018-06-24 03:00:00,11069.29
2018-06-24 06:00:00,9839.894
2018-06-24 09:00:00,14460.697
2018-06-24 12:00:00,15262.148
2018-06-24 15:00:00,15674.295
2018-06-24 18:00:00,14174.048
2018-06-24 21:00:00,13692.388
2018-06-25 00:00:00,13718.833
2018-06-25 03:00:00,12515.099
2018-06-25 06:00:00,11483.353
2018-06-25 09:00:00,15261.386
2018-06-25 12:00:00,15288.834
2018-06-25 15:00:00,14627.172
2018-06-25 18:00:00,14568.67
2018-06-25 21:00:00,14551.785
2018-06-26 00:00:00,14751.372
2018-06-26 03:00:00,12491.148
2018-06-26 06:00:00,10948.316
2018-06-26 09:00:00,14735.082
2018-06-26 12:00:00,16100.856
2018-06-26 15:00:00,14948.076
2018-06-26 18:00:00,13278.6455
2018-06-26 21:00:00,12879.294
2018-06-27 00:00:00,14867.276
2018-06-27 03:00:00,13277.34
2018-06-27 06:00:00,11595.187
2018-06-27 09:00:00,15585.99
2018-06-27 12:00:00,15138.245
2018-06-27 15:00:00,16560.756
2018-06-27 18:00:00,16810.215
2018-06-27 21:00:00,15738.981
2018-06-28 00:00:00,16729.15
2018-06-28 03:00:00,14136.684
2018-06-28 06:00:00,12275.368
2018-06-28 09:00:00,16503.096
2018-06-28 12:00:00,17940.46
2018-06-28 15:00:00,17167.863
2018-06-28 18:00:00,13600.136
2018-06-28 21:00:00,13341.741
2018-06-29 00:00:00,15008.902
2018-06-29 03:00:00,12409.461
2018-06-29 06:00:00,11428.209
2018-06-29 09:00:00,15838.449
2018-06-29 12:00:00,15863.826
2018-06-29 15:00:00,14301.917
2018-06-29 18:00:00,15753.554
2018-06-29 21:00:00,14653.425
2018-06-30 00:00:00,15128.685
2018-06-30 03:00:00,14256.947
2018-06-30 06:00:00,11515.932
2018-06-30 09:00:00,13425.641
2018-06-30 12:00:00,15927.124
2018-06-30 15:00:00,15005.511
2018-06-30 18:00:00,14784.967
2018-06-30 21:00:00,14676.425
2018-07-01 00:00:00,14985.956
2018-07-01 03:00:00,13321.696
2018-07-01 06:00:00,9412.596
2018-07-01 09:00:00,12473.244
2018-07-01 12:00:00,16057.989
2018-07-01 15:00:00,15388.99
2018-07-01 18:00:00,12716.136
2018-07-01 21:00:00,13484.354
2018-07-02 00:00:00,15671.487
2018-07-02 03:00:00,12298.87
2018-07-02 06:00:00,11395.048
2018-07-02 09:00:00,14301.152
2018-07-02 12:00:00,14509.277
2018-07-02 15:00:00,13640.834
2018-07-02 18:00:00,13029.095
2018-07-02 21:00:00,13887.51
2018-07-03 00:00:00,16218.136
2018-07-03 03:00:00,13167.752
2018-07-03 06:00:00,11023.807
2018-07-03 09:00:00,15181.007
2018-07-03 12:00:00,16312.504
2018-07-03 15:00:00,17132.652
2018-07-03 18:00:00,15498.542
2018-07-03 21:00:00,16089.195
2018-07-04 00:00:00,15470.12
2018-07-04 03:00:00,12696.917
2018-07-04 06:00:00,10479.564
2018-07-04 09:00:00,13913.834
2018-07-04 12:00:00,15603.075
2018-07-04 15:00:00,14756.856
2018-07-04 18:00:00,13896.29
2018-07-04 21:00:00,13772.64
2018-07-05 00:00:00,16518.617
2018-07-05 03:00:00,9500.01
2018-07-05 06:00:00,9134.966
2018-07-05 09:00:00,13913.86
2018-07-05 12:00:00,13838.498
2018-07-05 15:00:00,13985.837
2018-07-05 18:00:00,12657.91
2018-07-05 21:00:00,13509.479
2018-07-06 00:00:00,14500.353
2018-07-06 03:00:00,11775.3545
2018-07-06 06:00:00,8886.085
2018-07-06 09:00:00,13062.384
2018-07-06 12:00:00,12844.048
2018-07-06 15:00:00,11196.351
2018-07-06 18:00:00,11903.609
2018-07-06 21:00:00,13626.437
2018-07-07 00:00:00,13475.95
2018-07-07 03:00:00,9445.145
2018-07-07 06:00:00,8905.397
2018-07-07 09:00:00,12338.908
2018-07-07 12:00:00,13029.154
2018-07-07 15:00:00,13339.224
2018-07-07 18:00:00,12989.101
2018-07-07 21:00:00,14487.603
2018-07-08 00:00:00,15988.283
2018-07-08 03:00:00,12742.723
2018-07-08 06:00:00,12304.969
2018-07-08 09:00:00,13706.58
2018-07-08 12:00:00,15043.329
2018-07-08 15:00:00,18093.537
2018-07-08 18:00:00,15827.037
2018-07-08 21:00:00,13998.502
2018-07-09 00:00:00,14691.208
2018-07-09 03:00:00,12155.356
2018-07-09 06:00:00,12804.551
2018-07-09 09:00:00,13391.365
2018-07-09 12:00:00,18002.365
2018-07-09 15:00:00,16742.926
2018-07-09 18:00:00,16682.883
2018-07-09 21:00:00,14735.735
2018-07-10 00:00:00,15506.59
2018-07-10 03:00:00,12236.424
2018-07-10 06:00:00,10893.817
2018-07-10 09:00:00,14331.0205
2018-07-10 12:00:00,17716.867
2018-07-10 15:00:00,16279.739
2018-07-10 18:00:00,16188.964
2018-07-10 21:00:00,15447.633
2018-07-11 00:00:00,16108.293
2018-07-11 03:00:00,13419.081
2018-07-11 06:00:00,11334.71
2018-07-11 09:00:00,14723.691
2018-07-11 12:00:00,14709.441
2018-07-11 15:00:00,15970.464
2018-07-11 18:00:00,16662.42
2018-07-11 21:00:00,16360.029
2018-07-12 00:00:00,15402.796
2018-07-12 03:00:00,10274.199
2018-07-12 06:00:00,9689.621
2018-07-12 09:00:00,15604.788
2018-07-12 12:00:00,17095.762
2018-07-12 15:00:00,15907.08
2018-07-12 18:00:00,13379.607
2018-07-12 21:00:00,14487.793
2018-07-13 00:00:00,15398.428
2018-07-13 03:00:00,12774.688
2018-07-13 06:00:00,11865.935
2018-07-13 09:00:00,13344.84
2018-07-13 12:00:00,16050.751
2018-07-13 15:00:00,13064.774
2018-07-13 18:00:00,14722.969
2018-07-13 21:00:00,15581.922
2018-07-14 00:00:00,16106.797
2018-07-14 03:00:00,11601.193
2018-07-14 06:00:00,11440.418
2018-07-14 09:00:00,14071.246
2018-07-14 12:00:00,16797.941
2018-07-14 15:00:00,16095.95
2018-07-14 18:00:00,17431.387
2018-07-14 21:00:00,14089.438
2018-07-15 00:00:00,15324.736
2018-07-15 03:00:00,12344.941
2018-07-15 06:00:00,11214.431
2018-07-15 09:00:00,14977.56
2018-07-15 12:00:00,15599.739
2018-07-15 15:00:00,17056.246
2018-07-15 18:00:00,15977.793
2018-07-15 21:00:00,14670.821
2018-07-16 00:00:00,16240.042
2018-07-16 03:00:00,10184.535
2018-07-16 06:00:00,7950.8877
2018-07-16 09:00:00,10020.196
2018-07-16 12:00:00,12668.468
2018-07-16 15:00:00,15265.31
2018-07-16 18:00:00,12233.532
2018-07-16 21:00:00,14452.872
2018-07-17 00:00:00,15078.7295
2018-07-17 03:00:00,9561.475
2018-07-17 06:00:00,9950.751
2018-07-17 09:00:00,14314.062
2018-07-17 12:00:00,15231.26
2018-07-17 15:00:00,17595.455
2018-07-17 18:00:00,15017.276
2018-07-17 21:00:00,16164.536
2018-07-18 00:00:00,16415.412
2018-07-18 03:00:00,12984.049
2018-07-18 06:00:00,12227.827
2018-07-18 09:00:00,14648.188
2018-07-18 12:00:00,16537.105
2018-07-18 15:00:00,16945.842
2018-07-18 18:00:00,15620.51
2018-07-18 21:00:00,15760.523
2018-07-19 00:00:00,16660.068
2018-07-19 03:00:00,12477.033
2018-07-19 06:00:00,12492.299
2018-07-19 09:00:00,14173.466
2018-07-19 12:00:00,15240.273
2018-07-19 15:00:00,16675.123
2018-07-19 18:00:00,16950.488
2018-07-19 21:00:00,16952.082
2018-07-20 00:00:00,16877.135
2018-07-20 03:00:00,13479.835
2018-07-20 06:00:00,11676.307
2018-07-20 09:00:00,15608.31
2018-07-20 12:00:00,14873.549
2018-07-20 15:00:00,18084.268
2018-07-20 18:00:00,15090.984
2018-07-20 21:00:00,16098.021
2018-07-21 00:00:00,16426.814
2018-07-21 03:00:00,12403.701
2018-07-21 06:00:00,11517.444
2018-07-21 09:00:00,14603.233
2018-07-21 12:00:00,14757.062
2018-07-21 15:00:00,15351.601
2018-07-21 18:00:00,14257.0205
2018-07-21 21:00:00,13386.674
2018-07-22 00:00:00,15273.951
2018-07-22 03:00:00,11963.3125
2018-07-22 06:00:00,11072.792
2018-07-22 09:00:00,13722.55
2018-07-22 12:00:00,15061.552
2018-07-22 15:00:00,14021.519
2018-07-22 18:00:00,14758.647
2018-07-22 21:00:00,14184.368
2018-07-23 00:00:00,15196.079
2018-07-23 03:00:00,11965.315
2018-07-23 06:00:00,9806.382
2018-07-23 09:00:00,14702.739
2018-07-23 12:00:00,14690.173
2018-07-23 15:00:00,16645.535
2018-07-23 18:00:00,16536.99
2018-07-23 21:00:00,14805.983
2018-07-24 00:00:00,17093.36
2018-07-24 03:00:00,13289.378
2018-07-24 06:00:00,12011.495
2018-07-24 09:00:00,13968.801
2018-07-24 12:00:00,17125.48
2018-07-24 15:00:00,16945.873
2018-07-24 18:00:00,14976.356
2018-07-24 21:00:00,15081.367
2018-07-25 00:00:00,16321.257
2018-07-25 03:00:00,12200.459
2018-07-25 06:00:00,11844.344
2018-07-25 09:00:00,15541.715
2018-07-25 12:00:00,15552.632
2018-07-25 15:00:00,16403.139
2018-07-25 18:00:00,16916.012
2018-07-25 21:00:00,17764.4
2018-07-26 00:00:00,16977.98
2018-07-26 03:00:00,13646.716
2018-07-26 06:00:00,11687.362
2018-07-26 09:00:00,16066.088
2018-07-26 12:00:00,17102.934
2018-07-26 15:00:00,18669.451
2018-07-26 18:00:00,14748.61
2018-07-26 21:00:00,15590.364
2018-07-27 00:00:00,16187.505
2018-07-27 03:00:00,13545.555
2018-07-27 06:00:00,11350.471
2018-07-27 09:00:00,14843.121
2018-07-27 12:00:00,17103.266
2018-07-27 15:00:00,16227.16
2018-07-27 18:00:00,17300.123
2018-07-27 21:00:00,17658.7
2018-07-28 00:00:00,16664.05
2018-07-28 03:00:00,13857.78
2018-07-28 06:00:00,12663.096
2018-07-28 09:00:00,16479.31
2018-07-28 12:00:00,15922.517
2018-07-28 15:00:00,17807.883
2018-07-28 18:00:00,16534.754
2018-07-28 21:00:00,15951.82
2018-07-29 00:00:00,16113.547
2018-07-29 03:00:00,12126.0625
2018-07-29 06:00:00,12269.385
2018-07-29 09:00:00,12380.855
2018-07-29 12:00:00,16930.436
2018-07-29 15:00:00,16775.27
2018-07-29 18:00:00,17130.36
2018-07-29 21:00:00,16251.59
2018-07-30 00:00:00,15596.688
2018-07-30 03:00:00,11035.914
2018-07-30 06:00:00,7588.2856
2018-07-30 09:00:00,11686.879
2018-07-30 12:00:00,13581.635
2018-07-30 15:00:00,12860.466
2018-07-30 18:00:00,12490.438
2018-07-30 21:00:00,13040.569
2018-07-31 00:00:00,14710.72
2018-07-31 03:00:00,10965.624
2018-07-31 06:00:00,9275.0
2018-07-31 09:00:00,14224.282
2018-07-31 12:00:00,14430.572
2018-07-31 15:00:00,12225.105
2018-07-31 18:00:00,13407.729
2018-07-31 21:00:00,15095.921
2018-08-01 00:00:00,15260.09
2018-08-01 03:00:00,12015.388
2018-08-01 06:00:00,10640.762
2018-08-01 09:00:00,12775.308
2018-08-01 12:00:00,11934.871
2018-08-01 15:00:00,10982.485
2018-08-01 18:00:00,10984.242
2018-08-01 21:00:00,12381.269
2018-08-02 00:00:00,12957.649
2018-08-02 03:00:00,10945.293
2018-08-02 06:00:00,8234.252
2018-08-02 09:00:00,11577.471
2018-08-02 12:00:00,11886.201
2018-08-02 15:00:00,10246.3125
2018-08-02 18:00:00,10200.104
2018-08-02 21:00:00,12665.751
2018-08-03 00:00:00,12994.943
2018-08-03 03:00:00,8036.2554
2018-08-03 06:00:00,7631.398
2018-08-03 09:00:00,11270.967
2018-08-03 12:00:00,11280.361
2018-08-03 15:00:00,9975.922
2018-08-03 18:00:00,10163.227
2018-08-03 21:00:00,10623.106
2018-08-04 00:00:00,11552.324
2018-08-04 03:00:00,7594.905
2018-08-04 06:00:00,8239.664
2018-08-04 09:00:00,12325.729
2018-08-04 12:00:00,10334.788
2018-08-04 15:00:00,10591.643
2018-08-04 18:00:00,10554.765
2018-08-04 21:00:00,11941.867
2018-08-05 00:00:00,12798.899
2018-08-05 03:00:00,8409.503
2018-08-05 06:00:00,6554.42
2018-08-05 09:00:00,12405.245
2018-08-05 12:00:00,11670.277
2018-08-05 15:00:00,8910.946
2018-08-05 18:00:00,9847.994
2018-08-05 21:00:00,10424.091
2018-08-06 00:00:00,13179.975
2018-08-06 03:00:00,11082.085
2018-08-06 06:00:00,10971.234
2018-08-06 09:00:00,12487.278
2018-08-06 12:00:00,11763.9375
2018-08-06 15:00:00,10302.947
2018-08-06 18:00:00,11813.852
2018-08-06 21:00:00,12872.152
2018-08-07 00:00:00,13058.522
2018-08-07 03:00:00,7951.8994
2018-08-07 06:00:00,8394.815
2018-08-07 09:00:00,11566.701
2018-08-07 12:00:00,13604.056
2018-08-07 15:00:00,13187.943
2018-08-07 18:00:00,12116.463
2018-08-07 21:00:00,13841.989
2018-08-08 00:00:00,15307.325
2018-08-08 03:00:00,10700.762
2018-08-08 06:00:00,10144.854
2018-08-08 09:00:00,12824.127
2018-08-08 12:00:00,14392.587
2018-08-08 15:00:00,11136.714
2018-08-08 18:00:00,11338.036
2018-08-08 21:00:00,13716.65
2018-08-09 00:00:00,16136.917
2018-08-09 03:00:00,9633.022
2018-08-09 06:00:00,9646.159
2018-08-09 09:00:00,12902.917
2018-08-09 12:00:00,16166.021
2018-08-09 15:00:00,15362.571
2018-08-09 18:00:00,12384.398
2018-08-09 21:00:00,14417.704
2018-08-10 00:00:00,12734.283
2018-08-10 03:00:00,8307.866
2018-08-10 06:00:00,7402.0312
2018-08-10 09:00:00,11988.964
2018-08-10 12:00:00,13382.424
2018-08-10 15:00:00,10070.903
2018-08-10 18:00:00,10643.968
2018-08-10 21:00:00,13324.192
2018-08-11 00:00:00,14760.659
2018-08-11 03:00:00,10552.536
2018-08-11 06:00:00,9116.589
2018-08-11 09:00:00,13424.74
2018-08-11 12:00:00,13971.147
2018-08-11 15:00:00,13227.796
2018-08-11 18:00:00,11623.593
2018-08-11 21:00:00,11547.0
2018-08-12 00:00:00,13636.743
2018-08-12 03:00:00,11193.006
2018-08-12 06:00:00,11234.499
2018-08-12 09:00:00,12650.88
2018-08-12 12:00:00,14411.985
2018-08-12 15:00:00,13660.729
2018-08-12 18:00:00,12982.696
2018-08-12 21:00:00,14028.012
2018-08-13 00:00:00,16356.525
2018-08-13 03:00:00,11984.972
2018-08-13 06:00:00,9950.139
2018-08-13 09:00:00,13691.64
2018-08-13 12:00:00,14708.539
2018-08-13 15:00:00,14959.003
2018-08-13 18:00:00,12723.63
2018-08-13 21:00:00,14203.589
2018-08-14 00:00:00,15914.035
2018-08-14 03:00:00,12485.138
2018-08-14 06:00:00,10413.174
2018-08-14 09:00:00,12925.49
2018-08-14 12:00:00,14813.557
2018-08-14 15:00:00,13641.235
2018-08-14 18:00:00,13038.985
2018-08-14 21:00:00,13501.452
2018-08-15 00:00:00,13997.926
2018-08-15 03:00:00,10119.193
2018-08-15 06:00:00,8624.73
2018-08-15 09:00:00,13780.696
2018-08-15 12:00:00,13655.27
2018-08-15 15:00:00,14348.221
2018-08-15 18:00:00,12447.576
2018-08-15 21:00:00,13803.865
2018-08-16 00:00:00,15245.737
2018-08-16 03:00:00,11772.746
2018-08-16 06:00:00,10091.496
2018-08-16 09:00:00,12074.635
2018-08-16 12:00:00,15797.854
2018-08-16 15:00:00,14572.662
2018-08-16 18:00:00,15134.24
2018-08-16 21:00:00,15619.571
2018-08-17 00:00:00,15783.805
2018-08-17 03:00:00,10941.723
2018-08-17 06:00:00,8980.398
2018-08-17 09:00:00,12659.167
2018-08-17 12:00:00,14332.839
2018-08-17 15:00:00,13122.319
2018-08-17 18:00:00,12793.411
2018-08-17 21:00:00,13752.003
2018-08-18 00:00:00,13670.703
2018-08-18 03:00:00,9593.463
2018-08-18 06:00:00,8506.899
2018-08-18 09:00:00,12031.056
2018-08-18 12:00:00,13500.622
2018-08-18 15:00:00,11681.359
2018-08-18 18:00:00,11089.889
2018-08-18 21:00:00,12182.648
2018-08-19 00:00:00,12511.171
2018-08-19 03:00:00,10313.589
2018-08-19 06:00:00,9025.972
2018-08-19 09:00:00,11777.173
2018-08-19 12:00:00,14151.384
2018-08-19 15:00:00,14340.622
2018-08-19 18:00:00,13928.046
2018-08-19 21:00:00,13017.144
2018-08-20 00:00:00,12699.888
2018-08-20 03:00:00,11368.339
2018-08-20 06:00:00,10324.034
2018-08-20 09:00:00,12953.494
2018-08-20 12:00:00,14930.033
2018-08-20 15:00:00,15841.643
2018-08-20 18:00:00,15291.964
2018-08-20 21:00:00,14701.846
2018-08-21 00:00:00,14406.509
2018-08-21 03:00:00,12269.864
2018-08-21 06:00:00,10899.471
2018-08-21 09:00:00,13443.556
2018-08-21 12:00:00,16081.253
2018-08-21 15:00:00,12713.148
2018-08-21 18:00:00,13565.454
2018-08-21 21:00:00,14218.917
2018-08-22 00:00:00,14566.389
2018-08-22 03:00:00,12560.293
2018-08-22 06:00:00,11829.921
2018-08-22 09:00:00,13326.479
2018-08-22 12:00:00,14319.934
2018-08-22 15:00:00,14608.866
2018-08-22 18:00:00,16251.242
2018-08-22 21:00:00,14509.57
2018-08-23 00:00:00,14879.301
2018-08-23 03:00:00,12774.075
2018-08-23 06:00:00,12601.989
2018-08-23 09:00:00,14335.531
2018-08-23 12:00:00,16705.957
2018-08-23 15:00:00,14799.064
2018-08-23 18:00:00,15218.031
2018-08-23 21:00:00,14460.692
2018-08-24 00:00:00,15695.43
2018-08-24 03:00:00,12843.831
2018-08-24 06:00:00,11781.185
2018-08-24 09:00:00,13102.074
2018-08-24 12:00:00,16031.701
2018-08-24 15:00:00,15625.194
2018-08-24 18:00:00,14597.997
2018-08-24 21:00:00,15006.487
2018-08-25 00:00:00,16055.098
2018-08-25 03:00:00,12572.755
2018-08-25 06:00:00,9992.548
2018-08-25 09:00:00,12929.835
2018-08-25 12:00:00,15447.127
2018-08-25 15:00:00,13357.636
2018-08-25 18:00:00,11717.626
2018-08-25 21:00:00,14577.918
2018-08-26 00:00:00,15771.721
2018-08-26 03:00:00,11111.051
2018-08-26 06:00:00,9398.452
2018-08-26 09:00:00,12799.72
2018-08-26 12:00:00,14574.163
2018-08-26 15:00:00,13064.528
2018-08-26 18:00:00,12764.879
2018-08-26 21:00:00,13876.62
2018-08-27 00:00:00,15277.812
2018-08-27 03:00:00,12340.9
2018-08-27 06:00:00,11395.719
2018-08-27 09:00:00,14011.661
2018-08-27 12:00:00,13763.979
2018-08-27 15:00:00,14239.125
2018-08-27 18:00:00,11896.534
2018-08-27 21:00:00,14598.424
2018-08-28 00:00:00,15947.102
2018-08-28 03:00:00,10613.822
2018-08-28 06:00:00,9661.786
2018-08-28 09:00:00,14582.777
2018-08-28 12:00:00,14494.826
2018-08-28 15:00:00,14236.346
2018-08-28 18:00:00,14627.574
2018-08-28 21:00:00,15807.641
2018-08-29 00:00:00,16255.883
2018-08-29 03:00:00,10444.199
2018-08-29 06:00:00,10271.752
2018-08-29 09:00:00,13842.513
2018-08-29 12:00:00,16493.918
2018-08-29 15:00:00,15306.9375
2018-08-29 18:00:00,14467.344
2018-08-29 21:00:00,14245.683
2018-08-30 00:00:00,14588.136
2018-08-30 03:00:00,10611.367
2018-08-30 06:00:00,9220.283
2018-08-30 09:00:00,13355.107
2018-08-30 12:00:00,15294.89
2018-08-30 15:00:00,15122.038
2018-08-30 18:00:00,13661.114
2018-08-30 21:00:00,13878.707
2018-08-31 00:00:00,15057.787
2018-08-31 03:00:00,10689.536
2018-08-31 06:00:00,10323.851
2018-08-31 09:00:00,12693.935
2018-08-31 12:00:00,12903.653
2018-08-31 15:00:00,13564.637
2018-08-31 18:00:00,12789.119
2018-08-31 21:00:00,14016.937
2018-09-01 00:00:00,15011.321
2018-09-01 03:00:00,10702.251
2018-09-01 06:00:00,9900.708
2018-09-01 09:00:00,12894.146
2018-09-01 12:00:00,12778.495
2018-09-01 15:00:00,12313.91
2018-09-01 18:00:00,11739.62
2018-09-01 21:00:00,13243.812
2018-09-02 00:00:00,15960.305
2018-09-02 03:00:00,9971.329
2018-09-02 06:00:00,9237.479
2018-09-02 09:00:00,12486.596
2018-09-02 12:00:00,13684.605
2018-09-02 15:00:00,12035.431
2018-09-02 18:00:00,12076.419
2018-09-02 21:00:00,12856.817
2018-09-03 00:00:00,14640.531
2018-09-03 03:00:00,10938.78
2018-09-03 06:00:00,10872.951
2018-09-03 09:00:00,11640.396
2018-09-03 12:00:00,14337.91
2018-09-03 15:00:00,12732.971
2018-09-03 18:00:00,12502.178
2018-09-03 21:00:00,14924.263
2018-09-04 00:00:00,15378.094
2018-09-04 03:00:00,10533.31
2018-09-04 06:00:00,8950.41
2018-09-04 09:00:00,13312.251
2018-09-04 12:00:00,14097.857
2018-09-04 15:00:00,13884.166
2018-09-04 18:00:00,12350.859
2018-09-04 21:00:00,14632.777
2018-09-05 00:00:00,15240.938
2018-09-05 03:00:00,10228.304
2018-09-05 06:00:00,10683.428
2018-09-05 09:00:00,11878.505
2018-09-05 12:00:00,15469.68
2018-09-05 15:00:00,14236.955
2018-09-05 18:00:00,14134.421
2018-09-05 21:00:00,14690.192
2018-09-06 00:00:00,15317.55
2018-09-06 03:00:00,10756.439
2018-09-06 06:00:00,9669.085
2018-09-06 09:00:00,13473.016
2018-09-06 12:00:00,15303.425
2018-09-06 15:00:00,13731.348
2018-09-06 18:00:00,13753.263
2018-09-06 21:00:00,13877.276
2018-09-07 00:00:00,14033.646
2018-09-07 03:00:00,11112.646
2018-09-07 06:00:00,8300.929
2018-09-07 09:00:00,13528.789
2018-09-07 12:00:00,15684.449
2018-09-07 15:00:00,14045.743
2018-09-07 18:00:00,13055.916
2018-09-07 21:00:00,13911.486
2018-09-08 00:00:00,14228.989
2018-09-08 03:00:00,10091.999
2018-09-08 06:00:00,8454.725
2018-09-08 09:00:00,12552.104
2018-09-08 12:00:00,14761.888
2018-09-08 15:00:00,14538.343
2018-09-08 18:00:00,14087.859
2018-09-08 21:00:00,14776.618
2018-09-09 00:00:00,14255.398
2018-09-09 03:00:00,11318.516
2018-09-09 06:00:00,11637.948
2018-09-09 09:00:00,13025.687
2018-09-09 12:00:00,15126.317
2018-09-09 15:00:00,13815.958
2018-09-09 18:00:00,13482.511
2018-09-09 21:00:00,14536.253
2018-09-10 00:00:00,14016.858
2018-09-10 03:00:00,11020.133
2018-09-10 06:00:00,10138.342
2018-09-10 09:00:00,12711.916
2018-09-10 12:00:00,14109.272
2018-09-10 15:00:00,11954.871
2018-09-10 18:00:00,12740.847
2018-09-10 21:00:00,14887.761
2018-09-11 00:00:00,14025.436
2018-09-11 03:00:00,10557.048
2018-09-11 06:00:00,9525.555
2018-09-11 09:00:00,11858.199
2018-09-11 12:00:00,13748.138
2018-09-11 15:00:00,11596.066
2018-09-11 18:00:00,13704.887
2018-09-11 21:00:00,14697.182
2018-09-12 00:00:00,13892.105
2018-09-12 03:00:00,11724.12
2018-09-12 06:00:00,10260.712
2018-09-12 09:00:00,12082.583
2018-09-12 12:00:00,14619.631
2018-09-12 15:00:00,12620.736
2018-09-12 18:00:00,10770.155
2018-09-12 21:00:00,12525.613
2018-09-13 00:00:00,14337.258
2018-09-13 03:00:00,11316.315
2018-09-13 06:00:00,10712.755
2018-09-13 09:00:00,12430.207
2018-09-13 12:00:00,13712.009
2018-09-13 15:00:00,13997.3125
2018-09-13 18:00:00,12323.081
2018-09-13 21:00:00,14264.185
2018-09-14 00:00:00,14154.425
2018-09-14 03:00:00,10320.132
2018-09-14 06:00:00,11076.939
2018-09-14 09:00:00,13243.871
2018-09-14 12:00:00,14343.48
2018-09-14 15:00:00,12824.244
2018-09-14 18:00:00,11077.569
2018-09-14 21:00:00,11556.224
2018-09-15 00:00:00,14421.492
2018-09-15 03:00:00,10115.323
2018-09-15 06:00:00,9651.777
2018-09-15 09:00:00,13140.2295
2018-09-15 12:00:00,13831.397
2018-09-15 15:00:00,13120.473
2018-09-15 18:00:00,14409.233
2018-09-15 21:00:00,13837.971
2018-09-16 00:00:00,13809.66
2018-09-16 03:00:00,10987.323
2018-09-16 06:00:00,8521.289
2018-09-16 09:00:00,13066.389
2018-09-16 12:00:00,14098.93
2018-09-16 15:00:00,12689.346
2018-09-16 18:00:00,13910.307
2018-09-16 21:00:00,13332.842
2018-09-17 00:00:00,14474.183
2018-09-17 03:00:00,11373.538
2018-09-17 06:00:00,9634.272
2018-09-17 09:00:00,11662.082
2018-09-17 12:00:00,13724.373
2018-09-17 15:00:00,12811.636
2018-09-17 18:00:00,12598.996
2018-09-17 21:00:00,14311.831
2018-09-18 00:00:00,12502.078
2018-09-18 03:00:00,10618.97
2018-09-18 06:00:00,9461.506
2018-09-18 09:00:00,11809.787
2018-09-18 12:00:00,14598.48
2018-09-18 15:00:00,13903.454
2018-09-18 18:00:00,14211.632
2018-09-18 21:00:00,13744.66
2018-09-19 00:00:00,13760.327
2018-09-19 03:00:00,11223.728
2018-09-19 06:00:00,10177.556
2018-09-19 09:00:00,12533.676
2018-09-19 12:00:00,13611.831
2018-09-19 15:00:00,11889.284
2018-09-19 18:00:00,13259.269
2018-09-19 21:00:00,14391.161
2018-09-20 00:00:00,13338.266
2018-09-20 03:00:00,11239.064
2018-09-20 06:00:00,10296.202
2018-09-20 09:00:00,13904.271
2018-09-20 12:00:00,13645.123
2018-09-20 15:00:00,14386.625
2018-09-20 18:00:00,11699.517
2018-09-20 21:00:00,13745.134
2018-09-21 00:00:00,14567.253
2018-09-21 03:00:00,10582.229
2018-09-21 06:00:00,8940.158
2018-09-21 09:00:00,12852.258
2018-09-21 12:00:00,13760.931
2018-09-21 15:00:00,12395.367
2018-09-21 18:00:00,13070.205
2018-09-21 21:00:00,13763.865
2018-09-22 00:00:00,14354.076
2018-09-22 03:00:00,11608.071
2018-09-22 06:00:00,10792.6045
2018-09-22 09:00:00,13365.445
2018-09-22 12:00:00,13403.882
2018-09-22 15:00:00,13388.8545
2018-09-22 18:00:00,11908.905
2018-09-22 21:00:00,14379.411
2018-09-23 00:00:00,13644.172
2018-09-23 03:00:00,11100.15
2018-09-23 06:00:00,11166.99
2018-09-23 09:00:00,12263.274
2018-09-23 12:00:00,13558.256
2018-09-23 15:00:00,14138.686
2018-09-23 18:00:00,11049.733
2018-09-23 21:00:00,12666.429
2018-09-24 00:00:00,15194.753
2018-09-24 03:00:00,10711.828
2018-09-24 06:00:00,9443.352
2018-09-24 09:00:00,13452.45
2018-09-24 12:00:00,11646.069
2018-09-24 15:00:00,12806.12
2018-09-24 18:00:00,12348.402
2018-09-24 21:00:00,12150.751
2018-09-25 00:00:00,12942.967
2018-09-25 03:00:00,9255.364
2018-09-25 06:00:00,8008.8486
2018-09-25 09:00:00,11822.786
2018-09-25 12:00:00,12157.528
2018-09-25 15:00:00,11800.424
2018-09-25 18:00:00,11880.657
2018-09-25 21:00:00,12439.8955
2018-09-26 00:00:00,12894.84
2018-09-26 03:00:00,10042.806
2018-09-26 06:00:00,7897.482
2018-09-26 09:00:00,10986.911
2018-09-26 12:00:00,11157.252
2018-09-26 15:00:00,10608.278
2018-09-26 18:00:00,12228.384
2018-09-26 21:00:00,12698.751
2018-09-27 00:00:00,13126.172
2018-09-27 03:00:00,10521.938
2018-09-27 06:00:00,8140.9927
2018-09-27 09:00:00,10420.162
2018-09-27 12:00:00,13415.764
2018-09-27 15:00:00,13782.237
2018-09-27 18:00:00,14698.604
2018-09-27 21:00:00,15853.4375
2018-09-28 00:00:00,14061.167
2018-09-28 03:00:00,12088.4795
2018-09-28 06:00:00,9969.707
2018-09-28 09:00:00,12349.649
2018-09-28 12:00:00,15223.289
2018-09-28 15:00:00,12673.431
2018-09-28 18:00:00,13251.0625
2018-09-28 21:00:00,15332.728
2018-09-29 00:00:00,13856.853
2018-09-29 03:00:00,11522.618
2018-09-29 06:00:00,9945.811
2018-09-29 09:00:00,13487.282
2018-09-29 12:00:00,14692.756
2018-09-29 15:00:00,13712.036
2018-09-29 18:00:00,12976.33
2018-09-29 21:00:00,14683.961
2018-09-30 00:00:00,14474.964
2018-09-30 03:00:00,10747.236
2018-09-30 06:00:00,9849.628
2018-09-30 09:00:00,12180.995
2018-09-30 12:00:00,14313.227
2018-09-30 15:00:00,13907.53
2018-09-30 18:00:00,13396.751
2018-09-30 21:00:00,14276.737
2018-10-01 00:00:00,13010.817
2018-10-01 03:00:00,10262.585
2018-10-01 06:00:00,8167.322
2018-10-01 09:00:00,10836.83
2018-10-01 12:00:00,12111.537
2018-10-01 15:00:00,10834.604
2018-10-01 18:00:00,11464.155
2018-10-01 21:00:00,12083.138
2018-10-02 00:00:00,11683.44
2018-10-02 03:00:00,7009.468
2018-10-02 06:00:00,6236.401
2018-10-02 09:00:00,9355.5
2018-10-02 12:00:00,9488.8955
2018-10-02 15:00:00,9832.789
2018-10-02 18:00:00,8825.843
2018-10-02 21:00:00,11437.984
2018-10-03 00:00:00,13202.591
2018-10-03 03:00:00,9761.202
2018-10-03 06:00:00,8910.025
2018-10-03 09:00:00,11147.067
2018-10-03 12:00:00,13351.21
2018-10-03 15:00:00,9471.641
2018-10-03 18:00:00,11483.889
2018-10-03 21:00:00,12825.493
2018-10-04 00:00:00,12716.979
2018-10-04 03:00:00,8467.595
2018-10-04 06:00:00,9623.273
2018-10-04 09:00:00,13753.815
2018-10-04 12:00:00,15716.085
2018-10-04 15:00:00,13235.292
2018-10-04 18:00:00,12574.468
2018-10-04 21:00:00,13953.648
2018-10-05 00:00:00,15119.714
2018-10-05 03:00:00,10479.072
2018-10-05 06:00:00,9964.32
2018-10-05 09:00:00,12094.733
2018-10-05 12:00:00,14231.566
2018-10-05 15:00:00,11837.432
2018-10-05 18:00:00,12385.896
2018-10-05 21:00:00,15138.586
2018-10-06 00:00:00,15547.358
2018-10-06 03:00:00,10106.503
2018-10-06 06:00:00,9270.187
2018-10-06 09:00:00,13342.221
2018-10-06 12:00:00,14743.657
2018-10-06 15:00:00,14110.866
2018-10-06 18:00:00,11230.6875
2018-10-06 21:00:00,11764.892
2018-10-07 00:00:00,12895.776
2018-10-07 03:00:00,8940.484
2018-10-07 06:00:00,7552.5884
2018-10-07 09:00:00,11331.531
2018-10-07 12:00:00,12412.629
2018-10-07 15:00:00,12508.582
2018-10-07 18:00:00,10984.56
2018-10-07 21:00:00,14354.899
2018-10-08 00:00:00,13877.286
2018-10-08 03:00:00,8769.121
2018-10-08 06:00:00,7225.2905
2018-10-08 09:00:00,13173.491
2018-10-08 12:00:00,14032.838
2018-10-08 15:00:00,13607.553
2018-10-08 18:00:00,12563.73
2018-10-08 21:00:00,12718.546
2018-10-09 00:00:00,13135.918
2018-10-09 03:00:00,9844.818
2018-10-09 06:00:00,8657.117
2018-10-09 09:00:00,13421.495
2018-10-09 12:00:00,13607.711
2018-10-09 15:00:00,13803.667
2018-10-09 18:00:00,12233.849
2018-10-09 21:00:00,13746.224
2018-10-10 00:00:00,13691.627
2018-10-10 03:00:00,8211.802
2018-10-10 06:00:00,7487.9575
2018-10-10 09:00:00,12646.314
2018-10-10 12:00:00,14258.025
2018-10-10 15:00:00,13719.961
2018-10-10 18:00:00,11827.53
2018-10-10 21:00:00,13828.302
2018-10-11 00:00:00,13785.752
2018-10-11 03:00:00,8536.256
2018-10-11 06:00:00,8051.861
2018-10-11 09:00:00,11340.534
2018-10-11 12:00:00,13429.981
2018-10-11 15:00:00,12543.391
2018-10-11 18:00:00,11523.055
2018-10-11 21:00:00,13692.965
2018-10-12 00:00:00,13613.321
2018-10-12 03:00:00,8799.349
2018-10-12 06:00:00,7684.214
2018-10-12 09:00:00,10806.4375
2018-10-12 12:00:00,13772.08
2018-10-12 15:00:00,14216.269
2018-10-12 18:00:00,13902.666
2018-10-12 21:00:00,15613.381
2018-10-13 00:00:00,12007.084
2018-10-13 03:00:00,8163.088
2018-10-13 06:00:00,8596.282
2018-10-13 09:00:00,11277.272
2018-10-13 12:00:00,15083.631
2018-10-13 15:00:00,11453.241
2018-10-13 18:00:00,11699.389
2018-10-13 21:00:00,13086.509
2018-10-14 00:00:00,13507.788
2018-10-14 03:00:00,8323.725
2018-10-14 06:00:00,5992.9487
2018-10-14 09:00:00,9425.746
2018-10-14 12:00:00,12387.875
2018-10-14 15:00:00,11657.229
2018-10-14 18:00:00,10149.505
2018-10-14 21:00:00,12298.599
2018-10-15 00:00:00,11516.5
2018-10-15 03:00:00,10348.295
2018-10-15 06:00:00,7735.409
2018-10-15 09:00:00,11237.963
2018-10-15 12:00:00,12638.868
2018-10-15 15:00:00,12067.02
2018-10-15 18:00:00,9272.504
2018-10-15 21:00:00,11356.876
2018-10-16 00:00:00,13948.838
2018-10-16 03:00:00,11132.477
2018-10-16 06:00:00,9141.278
2018-10-16 09:00:00,11219.388
2018-10-16 12:00:00,13907.001
2018-10-16 15:00:00,14126.405
2018-10-16 18:00:00,14200.653
2018-10-16 21:00:00,13602.447
2018-10-17 00:00:00,13650.808
2018-10-17 03:00:00,11093.843
2018-10-17 06:00:00,8715.044
2018-10-17 09:00:00,12482.088
2018-10-17 12:00:00,14732.408
2018-10-17 15:00:00,14550.748
2018-10-17 18:00:00,13761.316
2018-10-17 21:00:00,13577.239
2018-10-18 00:00:00,15138.21
2018-10-18 03:00:00,11077.682
2018-10-18 06:00:00,7989.2285
2018-10-18 09:00:00,12360.721
2018-10-18 12:00:00,12023.317
2018-10-18 15:00:00,12692.666
2018-10-18 18:00:00,12439.279
2018-10-18 21:00:00,12070.594
2018-10-19 00:00:00,14160.066
2018-10-19 03:00:00,7841.0054
2018-10-19 06:00:00,4837.294
2018-10-19 09:00:00,10749.716
2018-10-19 12:00:00,13797.852
2018-10-19 15:00:00,14907.798
2018-10-19 18:00:00,13903.759
2018-10-19 21:00:00,13842.883
2018-10-20 00:00:00,13453.809
2018-10-20 03:00:00,9927.721
2018-10-20 06:00:00,8942.475
2018-10-20 09:00:00,11289.264
2018-10-20 12:00:00,14585.894
2018-10-20 15:00:00,12768.4375
2018-10-20 18:00:00,12606.475
2018-10-20 21:00:00,11881.178
2018-10-21 00:00:00,14626.364
2018-10-21 03:00:00,9312.934
2018-10-21 06:00:00,9122.112
2018-10-21 09:00:00,12332.372
2018-10-21 12:00:00,12990.782
2018-10-21 15:00:00,14365.32
2018-10-21 18:00:00,13593.161
2018-10-21 21:00:00,13150.737
2018-10-22 00:00:00,12780.815
2018-10-22 03:00:00,10320.404
2018-10-22 06:00:00,8170.4243
2018-10-22 09:00:00,10135.474
2018-10-22 12:00:00,13434.346
2018-10-22 15:00:00,13441.007
2018-10-22 18:00:00,10668.973
2018-10-22 21:00:00,11801.03
2018-10-23 00:00:00,13193.052
2018-10-23 03:00:00,10442.3125
2018-10-23 06:00:00,8934.033
2018-10-23 09:00:00,9456.6
2018-10-23 12:00:00,14118.415
2018-10-23 15:00:00,13559.752
2018-10-23 18:00:00,12783.388
2018-10-23 21:00:00,12300.107
2018-10-24 00:00:00,14075.172
2018-10-24 03:00:00,11252.44
2018-10-24 06:00:00,9211.789
2018-10-24 09:00:00,11792.484
2018-10-24 12:00:00,12140.075
2018-10-24 15:00:00,11626.108
2018-10-24 18:00:00,10913.475
2018-10-24 21:00:00,12051.805
2018-10-25 00:00:00,14146.375
2018-10-25 03:00:00,11529.279
2018-10-25 06:00:00,9141.595
2018-10-25 09:00:00,12726.547
2018-10-25 12:00:00,14379.19
2018-10-25 15:00:00,13461.921
2018-10-25 18:00:00,12108.294
2018-10-25 21:00:00,14080.717
2018-10-26 00:00:00,13393.179
2018-10-26 03:00:00,9568.905
2018-10-26 06:00:00,8886.562
2018-10-26 09:00:00,11994.636
2018-10-26 12:00:00,11260.313
2018-10-26 15:00:00,11032.232
2018-10-26 18:00:00,11144.851
2018-10-26 21:00:00,12220.181
2018-10-27 00:00:00,14950.923
2018-10-27 03:00:00,6469.595
2018-10-27 06:00:00,9216.509
2018-10-27 09:00:00,11577.514
2018-10-27 12:00:00,13374.681
2018-10-27 15:00:00,12165.862
2018-10-27 18:00:00,11542.976
2018-10-27 21:00:00,12843.971
2018-10-28 00:00:00,13017.059
2018-10-28 03:00:00,8838.746
2018-10-28 06:00:00,6012.287
2018-10-28 09:00:00,13465.966
2018-10-28 12:00:00,12951.368
2018-10-28 15:00:00,9476.033
2018-10-28 18:00:00,8002.184
2018-10-28 21:00:00,10658.43
2018-10-29 00:00:00,12734.748
2018-10-29 03:00:00,7220.2734
2018-10-29 06:00:00,2867.5767
2018-10-29 09:00:00,4942.5977
2018-10-29 12:00:00,6522.872
2018-10-29 15:00:00,7547.8086
2018-10-29 18:00:00,7440.5986
2018-10-29 21:00:00,7987.064
2018-10-30 00:00:00,11528.942
2018-10-30 03:00:00,6161.458
2018-10-30 06:00:00,5873.1436
2018-10-30 09:00:00,6790.585
2018-10-30 12:00:00,11510.199
2018-10-30 15:00:00,13815.737
2018-10-30 18:00:00,11042.42
2018-10-30 21:00:00,11929.835
2018-10-31 00:00:00,13345.301
2018-10-31 03:00:00,10128.533
2018-10-31 06:00:00,4773.3555
2018-10-31 09:00:00,8718.796
2018-10-31 12:00:00,9753.995
2018-10-31 15:00:00,8728.986
2018-10-31 18:00:00,8554.494
2018-10-31 21:00:00,12744.639
2018-11-01 00:00:00,14298.499
2018-11-01 03:00:00,9886.5
2018-11-01 06:00:00,7020.476
2018-11-01 09:00:00,11218.154
2018-11-01 12:00:00,13482.247
2018-11-01 15:00:00,12282.617
2018-11-01 18:00:00,11324.868
2018-11-01 21:00:00,12140.389
2018-11-02 00:00:00,14193.818
2018-11-02 03:00:00,8913.083
2018-11-02 06:00:00,7223.3804
2018-11-02 09:00:00,9554.206
2018-11-02 12:00:00,11541.042
2018-11-02 15:00:00,12490.55
2018-11-02 18:00:00,11442.819
2018-11-02 21:00:00,12028.562
2018-11-03 00:00:00,12379.332
2018-11-03 03:00:00,8733.763
2018-11-03 06:00:00,6576.7173
2018-11-03 09:00:00,10306.086
2018-11-03 12:00:00,12514.917
2018-11-03 15:00:00,12618.508
2018-11-03 18:00:00,12482.058
2018-11-03 21:00:00,14422.038
2018-11-04 00:00:00,13116.954
2018-11-04 03:00:00,9119.015
2018-11-04 06:00:00,8362.69
2018-11-04 09:00:00,13340.007
2018-11-04 12:00:00,10993.735
2018-11-04 15:00:00,9849.411
2018-11-04 18:00:00,10638.302
2018-11-04 21:00:00,13095.661
2018-11-05 00:00:00,13855.473
2018-11-05 03:00:00,9956.119
2018-11-05 06:00:00,5950.885
2018-11-05 09:00:00,10892.8545
2018-11-05 12:00:00,13290.032
2018-11-05 15:00:00,12465.477
2018-11-05 18:00:00,14896.429
2018-11-05 21:00:00,10455.8125
2018-11-06 00:00:00,12288.423
2018-11-06 03:00:00,8583.164
2018-11-06 06:00:00,6096.478
2018-11-06 09:00:00,11705.971
2018-11-06 12:00:00,11397.04
2018-11-06 15:00:00,10472.84
2018-11-06 18:00:00,10822.885
2018-11-06 21:00:00,11271.081
2018-11-07 00:00:00,11612.143
2018-11-07 03:00:00,7806.572
2018-11-07 06:00:00,5935.543
2018-11-07 09:00:00,9829.493
2018-11-07 12:00:00,10089.518
2018-11-07 15:00:00,13548.15
2018-11-07 18:00:00,14134.552
2018-11-07 21:00:00,13523.508
2018-11-08 00:00:00,13942.843
2018-11-08 03:00:00,8328.346
2018-11-08 06:00:00,7669.2563
2018-11-08 09:00:00,9996.559
2018-11-08 12:00:00,10403.849
2018-11-08 15:00:00,9843.236
2018-11-08 18:00:00,11792.15
2018-11-08 21:00:00,14600.455
2018-11-09 00:00:00,12390.604
2018-11-09 03:00:00,9295.005
2018-11-09 06:00:00,6758.7197
2018-11-09 09:00:00,10248.653
2018-11-09 12:00:00,12552.977
2018-11-09 15:00:00,11725.006
2018-11-09 18:00:00,10348.107
2018-11-09 21:00:00,12095.571
2018-11-10 00:00:00,12452.968
2018-11-10 03:00:00,7151.4185
2018-11-10 06:00:00,4100.1436
2018-11-10 09:00:00,8999.214
2018-11-10 12:00:00,12002.118
2018-11-10 15:00:00,12736.981
2018-11-10 18:00:00,11745.271
2018-11-10 21:00:00,12022.606
2018-11-11 00:00:00,11962.737
2018-11-11 03:00:00,4533.2856
2018-11-11 06:00:00,4003.9832
2018-11-11 09:00:00,10043.237
2018-11-11 12:00:00,13623.432
2018-11-11 15:00:00,13193.637
2018-11-11 18:00:00,13961.792
2018-11-11 21:00:00,13681.845
2018-11-12 00:00:00,15024.604
2018-11-12 03:00:00,9881.775
2018-11-12 06:00:00,8786.004
2018-11-12 09:00:00,12066.163
2018-11-12 12:00:00,16425.465
2018-11-12 15:00:00,15830.464
2018-11-12 18:00:00,15230.212
2018-11-12 21:00:00,16935.477
2018-11-13 00:00:00,14862.94
2018-11-13 03:00:00,11340.492
2018-11-13 06:00:00,8061.956
2018-11-13 09:00:00,10717.679
2018-11-13 12:00:00,13716.147
2018-11-13 15:00:00,13904.653
2018-11-13 18:00:00,15053.498
2018-11-13 21:00:00,15442.27
2018-11-14 00:00:00,13509.692
2018-11-14 03:00:00,13061.657
2018-11-14 06:00:00,9507.291
2018-11-14 09:00:00,12589.972
2018-11-14 12:00:00,16420.664
2018-11-14 15:00:00,17008.936
2018-11-14 18:00:00,16881.188
2018-11-14 21:00:00,17889.963
2018-11-15 00:00:00,15312.833
2018-11-15 03:00:00,11359.167
2018-11-15 06:00:00,8560.516
2018-11-15 09:00:00,12138.845
2018-11-15 12:00:00,18206.984
2018-11-15 15:00:00,18129.506
2018-11-15 18:00:00,17502.293
2018-11-15 21:00:00,15745.082
2018-11-16 00:00:00,14774.104
2018-11-16 03:00:00,11109.443
2018-11-16 06:00:00,8903.086
2018-11-16 09:00:00,13350.763
2018-11-16 12:00:00,16383.545
2018-11-16 15:00:00,16722.182
2018-11-16 18:00:00,17719.4
2018-11-16 21:00:00,15191.127
2018-11-17 00:00:00,13524.626
2018-11-17 03:00:00,9324.116
2018-11-17 06:00:00,7612.836
2018-11-17 09:00:00,11371.938
2018-11-17 12:00:00,18030.672
2018-11-17 15:00:00,14948.524
2018-11-17 18:00:00,15890.677
2018-11-17 21:00:00,15221.716
2018-11-18 00:00:00,13922.066
2018-11-18 03:00:00,11613.602
2018-11-18 06:00:00,6882.4365
2018-11-18 09:00:00,10852.821
2018-11-18 12:00:00,15110.662
2018-11-18 15:00:00,14423.539
2018-11-18 18:00:00,12531.592
2018-11-18 21:00:00,12876.141
2018-11-19 00:00:00,10487.82
2018-11-19 03:00:00,6628.391
2018-11-19 06:00:00,6042.9326
2018-11-19 09:00:00,9481.384
2018-11-19 12:00:00,15599.41
2018-11-19 15:00:00,15810.021
2018-11-19 18:00:00,16481.176
2018-11-19 21:00:00,17647.52
2018-11-20 00:00:00,15869.567
2018-11-20 03:00:00,8139.354
2018-11-20 06:00:00,7323.2505
2018-11-20 09:00:00,9520.135
2018-11-20 12:00:00,14831.118
2018-11-20 15:00:00,12243.898
2018-11-20 18:00:00,12913.522
2018-11-20 21:00:00,15054.063
2018-11-21 00:00:00,12564.144
2018-11-21 03:00:00,6872.0522
2018-11-21 06:00:00,7766.692
2018-11-21 09:00:00,10943.361
2018-11-21 12:00:00,14811.243
2018-11-21 15:00:00,15301.987
2018-11-21 18:00:00,16871.648
2018-11-21 21:00:00,16728.652
2018-11-22 00:00:00,15300.17
2018-11-22 03:00:00,10411.026
2018-11-22 06:00:00,9349.199
2018-11-22 09:00:00,10882.489
2018-11-22 12:00:00,16077.229
2018-11-22 15:00:00,15501.158
2018-11-22 18:00:00,14546.679
2018-11-22 21:00:00,16121.68
2018-11-23 00:00:00,12266.996
2018-11-23 03:00:00,7244.9194
2018-11-23 06:00:00,7731.877
2018-11-23 09:00:00,11484.088
2018-11-23 12:00:00,16212.144
2018-11-23 15:00:00,15858.905
2018-11-23 18:00:00,13224.042
2018-11-23 21:00:00,19088.377
2018-11-24 00:00:00,18871.121
2018-11-24 03:00:00,9885.513
2018-11-24 06:00:00,9677.581
2018-11-24 09:00:00,12808.837
2018-11-24 12:00:00,18065.586
2018-11-24 15:00:00,17030.049
2018-11-24 18:00:00,14993.914
2018-11-24 21:00:00,16205.375
2018-11-25 00:00:00,13724.452
2018-11-25 03:00:00,6464.8486
2018-11-25 06:00:00,4706.9873
2018-11-25 09:00:00,9679.359
2018-11-25 12:00:00,13801.989
2018-11-25 15:00:00,13750.04
2018-11-25 18:00:00,15330.235
2018-11-25 21:00:00,12771.096
2018-11-26 00:00:00,11701.602
2018-11-26 03:00:00,5527.147
2018-11-26 06:00:00,3564.608
2018-11-26 09:00:00,8978.763
2018-11-26 12:00:00,11309.131
2018-11-26 15:00:00,11028.058
2018-11-26 18:00:00,12149.997
2018-11-26 21:00:00,17719.996
2018-11-27 00:00:00,14442.736
2018-11-27 03:00:00,10003.998
2018-11-27 06:00:00,8997.707
2018-11-27 09:00:00,14687.517
2018-11-27 12:00:00,16123.287
2018-11-27 15:00:00,16481.25
2018-11-27 18:00:00,16404.547
2018-11-27 21:00:00,18524.451
2018-11-28 00:00:00,16609.506
2018-11-28 03:00:00,9091.165
2018-11-28 06:00:00,9586.812
2018-11-28 09:00:00,12027.367
2018-11-28 12:00:00,18981.352
2018-11-28 15:00:00,19408.434
2018-11-28 18:00:00,17290.979
2018-11-28 21:00:00,17873.98
2018-11-29 00:00:00,16324.49
2018-11-29 03:00:00,10944.102
2018-11-29 06:00:00,9211.274
2018-11-29 09:00:00,12873.443
2018-11-29 12:00:00,17535.256
2018-11-29 15:00:00,18134.148
2018-11-29 18:00:00,18885.543
2018-11-29 21:00:00,17081.15
2018-11-30 00:00:00,15322.668
2018-11-30 03:00:00,6999.286
2018-11-30 06:00:00,6272.017
2018-11-30 09:00:00,10801.26
2018-11-30 12:00:00,15744.641
2018-11-30 15:00:00,15811.952
2018-11-30 18:00:00,15158.048
2018-11-30 21:00:00,16393.979
2018-12-01 00:00:00,17122.72
2018-12-01 03:00:00,10012.562
2018-12-01 06:00:00,8290.966
2018-12-01 09:00:00,12393.134
2018-12-01 12:00:00,16751.164
2018-12-01 15:00:00,18457.795
2018-12-01 18:00:00,17102.385
2018-12-01 21:00:00,16563.043
2018-12-02 00:00:00,15394.674
2018-12-02 03:00:00,9054.02
2018-12-02 06:00:00,9271.192
2018-12-02 09:00:00,13304.181
2018-12-02 12:00:00,17672.479
2018-12-02 15:00:00,19395.232
2018-12-02 18:00:00,16773.709
2018-12-02 21:00:00,16680.426
2018-12-03 00:00:00,14977.105
2018-12-03 03:00:00,9022.538
2018-12-03 06:00:00,6065.221
2018-12-03 09:00:00,13371.097
2018-12-03 12:00:00,15518.758
2018-12-03 15:00:00,15385.5
2018-12-03 18:00:00,14509.009
2018-12-03 21:00:00,15883.951
2018-12-04 00:00:00,15078.835
2018-12-04 03:00:00,9504.929
2018-12-04 06:00:00,8753.531
2018-12-04 09:00:00,12847.959
2018-12-04 12:00:00,16301.463
2018-12-04 15:00:00,17164.324
2018-12-04 18:00:00,16873.727
2018-12-04 21:00:00,16348.556
2018-12-05 00:00:00,14662.311
2018-12-05 03:00:00,10929.649
2018-12-05 06:00:00,9475.263
2018-12-05 09:00:00,13459.716
2018-12-05 12:00:00,17625.934
2018-12-05 15:00:00,15586.674
2018-12-05 18:00:00,15972.209
2018-12-05 21:00:00,14528.161
2018-12-06 00:00:00,14311.664
2018-12-06 03:00:00,10880.487
2018-12-06 06:00:00,8706.285
2018-12-06 09:00:00,11563.055
2018-12-06 12:00:00,14985.847
2018-12-06 15:00:00,13585.267
2018-12-06 18:00:00,14144.859
2018-12-06 21:00:00,13250.05
2018-12-07 00:00:00,13904.034
2018-12-07 03:00:00,10811.077
2018-12-07 06:00:00,11305.619
2018-12-07 09:00:00,14056.9795
2018-12-07 12:00:00,15623.241
2018-12-07 15:00:00,11739.534
2018-12-07 18:00:00,11882.102
2018-12-07 21:00:00,13030.233
2018-12-08 00:00:00,14756.856
2018-12-08 03:00:00,10770.194
2018-12-08 06:00:00,8760.863
2018-12-08 09:00:00,13500.136
2018-12-08 12:00:00,14619.206
2018-12-08 15:00:00,13923.335
2018-12-08 18:00:00,13705.251
2018-12-08 21:00:00,15238.91
2018-12-09 00:00:00,13658.339
2018-12-09 03:00:00,10169.261
2018-12-09 06:00:00,8807.515
2018-12-09 09:00:00,10977.491
2018-12-09 12:00:00,12384.027
2018-12-09 15:00:00,12005.208
2018-12-09 18:00:00,12770.118
2018-12-09 21:00:00,12840.51
2018-12-10 00:00:00,12496.347
2018-12-10 03:00:00,9272.14
2018-12-10 06:00:00,8835.385
2018-12-10 09:00:00,11534.084
2018-12-10 12:00:00,14708.922
2018-12-10 15:00:00,11870.91
2018-12-10 18:00:00,14215.505
2018-12-10 21:00:00,14963.5
2018-12-11 00:00:00,15069.681
2018-12-11 03:00:00,10646.233
2018-12-11 06:00:00,10414.094
2018-12-11 09:00:00,14303.308
2018-12-11 12:00:00,17315.95
2018-12-11 15:00:00,16446.383
2018-12-11 18:00:00,15798.994
2018-12-11 21:00:00,15358.51
2018-12-12 00:00:00,13170.5205
2018-12-12 03:00:00,9839.586
2018-12-12 06:00:00,6737.56
2018-12-12 09:00:00,9060.976
2018-12-12 12:00:00,15511.274
2018-12-12 15:00:00,15588.024
2018-12-12 18:00:00,14146.274
2018-12-12 21:00:00,12296.852
2018-12-13 00:00:00,12947.802
2018-12-13 03:00:00,4588.2573
2018-12-13 06:00:00,3792.6702
2018-12-13 09:00:00,9442.168
2018-12-13 12:00:00,11196.038
2018-12-13 15:00:00,10788.496
2018-12-13 18:00:00,8540.523
2018-12-13 21:00:00,14188.534
2018-12-14 00:00:00,11901.962
2018-12-14 03:00:00,6405.401
2018-12-14 06:00:00,3276.4016
2018-12-14 09:00:00,10733.538
2018-12-14 12:00:00,12875.693
2018-12-14 15:00:00,14077.317
2018-12-14 18:00:00,12253.808
2018-12-14 21:00:00,16193.211
2018-12-15 00:00:00,16062.751
2018-12-15 03:00:00,9780.346
2018-12-15 06:00:00,6846.9785
2018-12-15 09:00:00,11597.698
2018-12-15 12:00:00,14878.033
2018-12-15 15:00:00,14644.673
2018-12-15 18:00:00,13493.912
2018-12-15 21:00:00,14421.084
2018-12-16 00:00:00,12865.963
2018-12-16 03:00:00,6650.9053
2018-12-16 06:00:00,3983.534
2018-12-16 09:00:00,8248.483
2018-12-16 12:00:00,13731.567
2018-12-16 15:00:00,12044.547
2018-12-16 18:00:00,11611.952
2018-12-16 21:00:00,12660.751
2018-12-17 00:00:00,11028.913
2018-12-17 03:00:00,8137.038
2018-12-17 06:00:00,7664.0513
2018-12-17 09:00:00,14385.152
2018-12-17 12:00:00,13844.707
2018-12-17 15:00:00,14865.665
2018-12-17 18:00:00,15598.108
2018-12-17 21:00:00,15187.311
2018-12-18 00:00:00,15052.663
2018-12-18 03:00:00,7266.891
2018-12-18 06:00:00,6501.6626
2018-12-18 09:00:00,9671.047
2018-12-18 12:00:00,17134.252
2018-12-18 15:00:00,15139.263
2018-12-18 18:00:00,15058.634
2018-12-18 21:00:00,15386.228
2018-12-19 00:00:00,14167.671
2018-12-19 03:00:00,6575.2817
2018-12-19 06:00:00,5700.763
2018-12-19 09:00:00,8557.883
2018-12-19 12:00:00,14006.466
2018-12-19 15:00:00,11780.689
2018-12-19 18:00:00,13250.787
2018-12-19 21:00:00,15745.261
2018-12-20 00:00:00,15142.7295
2018-12-20 03:00:00,10949.747
2018-12-20 06:00:00,7251.8853
2018-12-20 09:00:00,10556.884
2018-12-20 12:00:00,15013.42
2018-12-20 15:00:00,15446.6875
2018-12-20 18:00:00,14296.632
2018-12-20 21:00:00,14227.771
2018-12-21 00:00:00,14250.377
2018-12-21 03:00:00,5195.5337
2018-12-21 06:00:00,3134.9226
2018-12-21 09:00:00,10234.149
2018-12-21 12:00:00,12903.41
2018-12-21 15:00:00,14390.908
2018-12-21 18:00:00,12739.657
2018-12-21 21:00:00,12838.23
2018-12-22 00:00:00,13804.22
2018-12-22 03:00:00,9880.286
2018-12-22 06:00:00,8239.411
2018-12-22 09:00:00,9259.313
2018-12-22 12:00:00,14238.783
2018-12-22 15:00:00,13610.267
2018-12-22 18:00:00,12989.205
2018-12-22 21:00:00,13776.08
2018-12-23 00:00:00,13382.975
2018-12-23 03:00:00,8580.372
2018-12-23 06:00:00,8274.556
2018-12-23 09:00:00,11111.392
2018-12-23 12:00:00,13501.291
2018-12-23 15:00:00,14715.481
2018-12-23 18:00:00,13275.973
2018-12-23 21:00:00,15453.89
2018-12-24 00:00:00,11793.749
2018-12-24 03:00:00,8481.923
2018-12-24 06:00:00,7040.324
2018-12-24 09:00:00,10853.03
2018-12-24 12:00:00,9013.094
2018-12-24 15:00:00,9389.957
2018-12-24 18:00:00,12074.454
2018-12-24 21:00:00,10925.214
2018-12-25 00:00:00,13352.814
2018-12-25 03:00:00,9068.773
2018-12-25 06:00:00,7464.9976
2018-12-25 09:00:00,12662.554
2018-12-25 12:00:00,13163.283
2018-12-25 15:00:00,8800.447
2018-12-25 18:00:00,10925.081
2018-12-25 21:00:00,11531.316
2018-12-26 00:00:00,13919.941
2018-12-26 03:00:00,9843.786
2018-12-26 06:00:00,8099.6436
2018-12-26 09:00:00,11827.991
2018-12-26 12:00:00,12085.568
2018-12-26 15:00:00,8338.416
2018-12-26 18:00:00,11492.195
2018-12-26 21:00:00,10990.934
2018-12-27 00:00:00,13244.145
2018-12-27 03:00:00,6208.699
2018-12-27 06:00:00,7065.8394
2018-12-27 09:00:00,10214.73
2018-12-27 12:00:00,11675.943
2018-12-27 15:00:00,11278.18
2018-12-27 18:00:00,10784.971
2018-12-27 21:00:00,11789.369
2018-12-28 00:00:00,12733.007
2018-12-28 03:00:00,8253.027
2018-12-28 06:00:00,6894.63
2018-12-28 09:00:00,10026.116
2018-12-28 12:00:00,12092.123
2018-12-28 15:00:00,9974.534
2018-12-28 18:00:00,9838.227
2018-12-28 21:00:00,10970.661
2018-12-29 00:00:00,11429.812
2018-12-29 03:00:00,3027.8647
2018-12-29 06:00:00,6745.326
2018-12-29 09:00:00,10533.3955
2018-12-29 12:00:00,11039.782
2018-12-29 15:00:00,9891.769
2018-12-29 18:00:00,11151.506
2018-12-29 21:00:00,10265.159
2018-12-30 00:00:00,12851.163
2018-12-30 03:00:00,8757.59
2018-12-30 06:00:00,7412.9805
2018-12-30 09:00:00,12624.142
2018-12-30 12:00:00,9428.358
2018-12-30 15:00:00,8623.704
2018-12-30 18:00:00,11970.484
2018-12-30 21:00:00,11475.592
2018-12-31 00:00:00,13584.145
2018-12-31 03:00:00,9220.348
2018-12-31 06:00:00,8763.317
2018-12-31 09:00:00,9789.521
2018-12-31 12:00:00,10601.252
2018-12-31 15:00:00,10421.726
2018-12-31 18:00:00,12225.191
2018-12-31 21:00:00,11201.498
